food,10.396079445718078,15.0
lake,1.4999603991337214,4.0
FLthousands,0.8780315346499247,4.0
burnt,13.067535765848337,7.0
famous,0.045376712328767124,1
Alright,13.067535765848337,7.0
takes,36.59852415487133,26.0
here,118.35516960301204,187.0
messed,1.210540518185991,4.0
basic,13.067535765848337,7.0
diet,12.8234777415322,7.0
listen,13.067535765848337,7.0
passage,0.6442361556011281,8.0
couldnt,7.526706626273775,18.0
not,830.9098949178172,1489.0
trucks,13.067535765848337,7.0
exwife,1.4437403034399412,3.0
heartache,1.1437942570189008,3.0
surfacing,0.3377044364038172,4.0
underwear,13.067535765848337,7.0
moving,13.45256178732457,15.0
boyfriend,3.4113863679619665,3.0
filth,13.067535765848337,7.0
thst,6.077090102304205,7.0
awesome,1.678131276283584,4.0
bends,4.509653089207897,4.0
childhood,0.0033499299695965564,2.0
house,27.75799297102294,33.0
transportation,18.87728303369913,7.0
MY,3.259413704441973,3.0
330pm,18.87728303369913,7.0
leading,13.067535765848337,7.0
anticipation,1.1437942570189008,3.0
except,1.1437942570189008,3.0
theyd,13.067535765848337,7.0
text,6.822772735923933,6.0
meat,6.152996037294935,7.0
imagined,0.0033499299695965564,2.0
to,3697.658985509129,7107.0
more,338.3587060348012,775.0
BCD,1.9638811840098906,12.0
murky,0.42602713515558477,4.0
In,13.696619811640707,15.0
chain,0.25794460765893484,2.0
said,429.4919972108674,710.0
forget,3.8334864612362107,7.0
horrible,0.9040087989886798,8.0
fly,19.725714455846887,14.0
other,341.12250247498594,1158.0
moved,3.959287812757734,6.0
Laundry,13.067535765848337,7.0
practice,1.1437942570189008,3.0
burning,17.100296286838674,14.0
eaten,13.067535765848337,7.0
generally,0.09246575342465753,1
source,13.067535765848337,7.0
disgusting,13.067535765848337,7.0
dating,3.4113863679619665,3.0
visually,0.12729733884466915,2.0
med,38.714491248912736,21.0
afraid,1.1793678009794846,4.0
skid,13.067535765848337,7.0
tells,1.1471441869884975,5.0
nor,0.045376712328767124,1
orca,1.678131276283584,4.0
cave,3.2211807780056407,40.0
taken,34.658742434269925,40.0
everyone,53.15369582249555,52.0
almost,14.460200615129065,17.0
worst,14.80104622768854,15.0
strangle,0.49876347530409926,4.0
between,172.71991731453076,366.0
now,1.9268632587460832,8.0
exclusive,1.1437942570189008,3.0
word,16.309066364066705,12.0
instinct,0.32211807780056406,4.0
call,94.37669046322064,82.0
ought,13.067535765848337,7.0
edge,0.48837256956859715,4.0
distinction,4.009945936248183,7.0
exchanged,6.077090102304205,7.0
rig,0.32211807780056406,4.0
continuing,13.067535765848337,7.0
HOUR,18.87728303369913,7.0
on,975.9548252911392,1954.0
noticed,1.1326087251697252,12.0
slept,1.1437942570189008,3.0
structure,0.010049789908789668,6.0
Vicks,10.446532055290982,7.0
in,1394.0638570539043,2917.0
butter,8.048956209796202,7.0
THAT,18.87728303369913,7.0
button,1.798421318355531,7.0
eyes,23.306757668252423,27.0
lovely,0.48837256956859715,4.0
where,1031.4312061218818,1208.0
micro,4.032760520990335,7.0
personally,0.09581568339425409,3.0
instructor,0.32211807780056406,4.0
anyone,14.36125590808594,15.0
dusted,13.067535765848337,7.0
figure,4.731288465030646,7.0
master,14.029264307631882,15.0
cheatingi,1.8116741203830844,3.0
January,3.451379174151439,3.0
impressive,0.05393835616438356,1
suddenly,0.24938173765204963,4.0
informing,1.3437582879662613,3.0
shit,342.77245694205203,272.0
truth,1.0118179965936431,3.0
feet,0.24418628478429857,4.0
apartment,5.842948984281868,9.0
education,12.8234777415322,7.0
Ill,13.849862914187568,24.0
need,3.4314859477795463,7.0
youll,0.32211807780056406,4.0
doors,31.872501665041117,26.0
till,0.32211807780056406,4.0
started,144.29369375743823,167.0
long,39.32339480007746,158.0
chum,0.48837256956859715,4.0
ran,4.6031719924082335,6.0
stupid,24.219352160091614,33.0
hed,14.030709068981357,18.0
pizza,0.06506849315068493,1
establishing,1.1437942570189008,3.0
scent,13.067535765848337,7.0
ladies,1.979643906378867,3.0
this,689.1788108376844,1951.0
Came,9.030375637582791,6.0
out,348.90666801881673,478.0
man,91.55350633649968,130.0
far,78.22474240763445,67.0
ill,10.282202773484352,13.0
school,26.052412735352355,19.0
reacted,1.4179209673920985,4.0
forces,13.067535765848337,7.0
wrote,4.4556032991486765,7.0
hears,0.03014936972636901,2.0
Funny,3.511368383435647,3.0
jellyfish,0.8780315346499247,4.0
id,0.09246575342465753,1
majority,12.8234777415322,7.0
driving,2.7114308031711936,7.0
shouted,1.3437582879662613,3.0
beyond,0.06506849315068493,1
want,33.86059354549302,20.0
dispelled,1.678131276283584,4.0
Turned,1.1274132723019743,4.0
Similar,0.8776816520342978,2.0
dense,8.297337477615839,7.0
while,452.92154377852796,820.0
fire,6.138895750083961,9.0
perhaps,0.24781530429397064,3.0
Couldnt,3.5991854110241674,4.0
yards,1.883661171524134,3.0
spare,1.0118179965936431,3.0
barbecued,0.05393835616438356,1
hit,157.92257135118328,453.0
Brooklyn,4.4556032991486765,7.0
raising,12.8234777415322,7.0
dank,0.013399719878386226,2.0
inch,0.9767451391371943,8.0
served,0.07363013698630137,1
wiping,13.067535765848337,7.0
trained,0.32211807780056406,4.0
delicacy,0.07363013698630137,1
grabbed,6.175529454974723,11.0
speared,0.6546270613366303,4.0
Wait,12.8234777415322,7.0
appropriately,1.3437582879662613,3.0
dangerous,4.032760520990335,7.0
Start,4.509653089207897,4.0
born,1.979643906378867,3.0
posted,0.32211807780056406,4.0
poor,96.08549231734574,56.0
ascending,0.6546270613366303,4.0
clearly,13.999281320255513,17.0
plus,12.25951542636481,7.0
health,1.1437942570189008,3.0
wearing,0.6546270613366303,4.0
Hole,1.1793678009794846,4.0
ball,1.4437403034399412,3.0
equipment,0.32211807780056406,4.0
removed,5.031095018635584,3.0
faint,1.5001905661622401,7.0
radius,13.067535765848337,7.0
choices,12.8234777415322,7.0
Pensacola,0.8780315346499247,4.0
forceful,13.067535765848337,7.0
63,0.0033499299695965564,2.0
spearfishing,0.6546270613366303,4.0
descending,4.509653089207897,4.0
regulator,0.24938173765204963,4.0
Cloths,13.067535765848337,7.0
terrible,0.32211807780056406,4.0
mouths,0.24418628478429857,4.0
instead,99.49035824262388,242.0
dump,32.36045704315756,26.0
barefoot,1.3437582879662613,3.0
meal,0.05393835616438356,1
accidental,0.32211807780056406,4.0
wave,13.067535765848337,7.0
Before,3.4113863679619665,3.0
culture,0.07363013698630137,1
known,0.045376712328767124,1
chair,13.067535765848337,7.0
shadow,1.678131276283584,4.0
Catalina,1.678131276283584,4.0
invented,0.0033499299695965564,2.0
anyway,26.005813736578556,29.0
ended,13.775483537163732,28.0
Mine,1.678131276283584,4.0
shaped,0.24418628478429857,4.0
going,69.64753807204596,101.0
Laura,1.883661171524134,3.0
gone,1.1437942570189008,3.0
crumpled,13.067535765848337,7.0
obviously,7.834590732517577,9.0
Trash,13.067535765848337,7.0
screamed,3.451379174151439,3.0
wanted,102.10600923632968,97.0
examining,1.1437942570189008,3.0
remember,128.96177833092304,555.0
Since,0.32211807780056406,4.0
retail,6.077090102304205,7.0
Meatloaf,0.04280821917808219,1
First,0.24938173765204963,4.0
70s,1.678131276283584,4.0
volume,0.32211807780056406,4.0
Didnt,1.1437942570189008,3.0
trying,8.568124856236453,16.0
harmless,0.24418628478429857,4.0
Wars,0.0033499299695965564,2.0
forcing,13.067535765848337,7.0
finishing,2.1278474563084324,7.0
general,0.2773972602739726,3
idea,229.59021596808427,407.0
parents,38.42431787711414,40.0
cards,12.8234777415322,7.0
jagged,0.48837256956859715,4.0
replying,3.511368383435647,3.0
view,21.655815527542742,15.0
Mince,0.10787671232876712,2
God,0.32211807780056406,4.0
seemed,14.003776714945962,15.0
uni,0.05393835616438356,1
throw,13.067535765848337,7.0
pestilence,13.067535765848337,7.0
internet,3.554138420106468,11.0
keeping,1.1437942570189008,3.0
Happy,1.3437582879662613,3.0
map,9.945658585108934,7.0
familiar,1.210540518185991,4.0
distances,18.87728303369913,7.0
celsius,3.451379174151439,3.0
signing,0.8810315820038944,4.0
sorts,13.067535765848337,7.0
baby,0.0033499299695965564,2.0
communication,0.0033499299695965564,2.0
Dal,0.07363013698630137,1
benefits,13.067535765848337,7.0
Learned,0.24418628478429857,4.0
cock,142.7779820282565,252.0
Inspection,13.067535765848337,7.0
oriented,0.32211807780056406,4.0
neither,0.045376712328767124,1
IKEA,0.5736301369863014,1
delivery,18.87728303369913,7.0
matter,33.48064552619757,28.0
installed,0.32211807780056406,4.0
told,17.37472764448899,41.0
Tom,1.4437403034399412,3.0
extra,6.085650141866936,7.0
their,1290.6941317873982,1440.0
previous,0.32211807780056406,4.0
involved,1.1437942570189008,3.0
children,45.49812552701374,67.0
sailor,1.210540518185991,4.0
TX,37.75456606739826,14.0
vision,0.48837256956859715,4.0
definitely,5.496872985516132,17.0
against,19.14462586815254,14.0
didnt,14.72352287746659,64.0
military,13.067535765848337,7.0
questions,0.0033499299695965564,2.0
Spartakicked,1.3437582879662613,3.0
sale,4.032760520990335,7.0
fucking,45.68677670299276,66.0
think,149.42577005620427,392.0
bill,12.8234777415322,7.0
things,0.9003390496361836,5.0
honestly,12.8234777415322,7.0
Name,4.4556032991486765,7.0
unless,0.06841842312028149,3.0
watch,5.153889244809025,12.0
And,6.864261529436551,9.0
whatever,146.7469325448189,100.0
panicked,4.032760520990335,7.0
movement,0.48837256956859715,4.0
state,18.87728303369913,7.0
couple,134.49656712562205,274.0
know,475.86406116500814,614.0
Also,3.51806824337484,5.0
within,1.0118179965936431,3.0
loose,9.945658585108934,7.0
spaghetti,0.06506849315068493,1
shed,1.4437403034399412,3.0
we,840.6456464567219,1661.0
too,57.238466114242044,194.0
kite,6.902236714314686,7.0
200,0.32211807780056406,4.0
rocky,2.675658226891782,4.0
stapler,11.262986572820786,7.0
idiot,0.32211807780056406,4.0
bunch,0.6546270613366303,4.0
Eventually,13.067535765848337,7.0
once,4.668240485558918,7.0
professional,12.8234777415322,7.0
dropping,4.032760520990335,7.0
American,0.12729733884466915,2.0
spotting,0.48837256956859715,4.0
Monk,0.6546270613366303,4.0
vegetables,8.127244818254313,7.0
successful,6.414846112791318,3.0
into,186.87912978355504,365.0
sun,0.32211807780056406,4.0
mistake,0.32211807780056406,4.0
prison,1.4437403034399412,3.0
face,1.068038092287423,4.0
insecure,3.511368383435647,3.0
lying,2.055630238138864,3.0
Scottish,0.05393835616438356,1
inconsiderate,1.1437942570189008,3.0
slam,11.262986572820786,7.0
Now,13.067535765848337,7.0
giggles,1.1437942570189008,3.0
replace,4.032760520990335,7.0
each,2.895479168117777,6.0
recovery,1.210540518185991,4.0
handling,1.210540518185991,4.0
austrian,0.045376712328767124,1
flag,0.49876347530409926,4.0
So,372.7673129160697,749.0
anymore,0.0033499299695965564,2.0
made,14.067987619914064,25.0
troop,13.067535765848337,7.0
GF,1.1437942570189008,3.0
roaches,13.067535765848337,7.0
silty,0.32211807780056406,4.0
Same,18.87728303369913,7.0
facebook,4.4556032991486765,7.0
naturally,2.155612253612544,6.0
dumbfounded,1.883661171524134,3.0
Narcosis,2.675658226891782,4.0
innocent,13.067535765848337,7.0
thats,2.1427679546710237,9.0
nobody,26.135071531696674,14.0
correctly,0.32211807780056406,4.0
Getting,0.42602713515558477,4.0
ours,13.067535765848337,7.0
video,0.6442361556011281,8.0
underneath,0.6546270613366303,4.0
figured,13.696619811640707,15.0
trail,14.003776714945962,15.0
woke,1.4437403034399412,3.0
Justtrained,0.32211807780056406,4.0
uh,1.883661171524134,3.0
certain,1.3437582879662613,3.0
5th,3.4113863679619665,3.0
curious,0.033499299695965566,4.0
theres,3.1838947935157726,7.0
choppy,0.6546270613366303,4.0
specific,0.0033499299695965564,2.0
visibility,0.5663043625848626,8.0
semester,1.0118179965936431,3.0
Súrmaturhttpswwwdvismediacache651d651dbc85ca302c3fabd02e6e6c796d35jpg,0.05736301369863014,1
doing,39.52407360508572,92.0
enter,13.067535765848337,7.0
top,3.511368383435647,3.0
eventually,0.6546270613366303,4.0
WHY,13.067535765848337,7.0
Instructor,0.24418628478429857,4.0
Literally,0.32211807780056406,4.0
around,70.59538937550295,197.0
favorite,0.006699859939193113,4.0
knowing,1.6321668265874982,7.0
under,2.5353809994625043,8.0
bite,0.48837256956859715,4.0
fuckup,0.32211807780056406,4.0
straight,4.845304457829854,10.0
fast,13.067535765848337,7.0
boxes,13.067535765848337,7.0
put,265.2205806606932,325.0
We,1041.9150123606594,1311.0
English,0.0033499299695965564,2.0
uses,12.884211424383903,12.0
access,12.8234777415322,7.0
table,1.1437942570189008,3.0
shining,0.07363013698630137,1
paddle,0.24418628478429857,4.0
even,485.3396735851046,735.0
breast,0.5736301369863014,1
plain,3.4113863679619665,3.0
meet,13.745527487321548,12.0
that,575.0401171464997,1311.0
interested,1.668534996661755,7.0
eye,0.32211807780056406,4.0
through,238.72121219816603,484.0
ASL,0.013399719878386226,2.0
comes,4.42320436455561,6.0
living,59.66710485470157,43.0
coat,1.3437582879662613,3.0
Kaiserschmarrn,0.045376712328767124,1
directly,1.4235540857637832,8.0
Lutefisk,0.2611301369863014,1
shoes,2.6875165759325226,6.0
submerged,12.865098307000872,15.0
debate,1.4437403034399412,3.0
block,1.0118179965936431,3.0
smacking,0.49876347530409926,4.0
walked,84.67884476837176,132.0
gladly,3.4113863679619665,3.0
Bathrooms,13.067535765848337,7.0
talked,3.199424495157765,6.0
plastic,4.032760520990335,7.0
Force,13.067535765848337,7.0
aphasia,0.02679943975677245,2.0
answer,4.555180624980868,6.0
sometimes,7.712737148411661,10.0
standing,5.431023080530305,3.0
Island,1.678131276283584,4.0
already,4.515670117980267,7.0
mom,1.4475377946789316,6.0
surprise,19.026232518745427,26.0
crawling,0.32211807780056406,4.0
classic,0.06506849315068493,1
Caught,2.2915877946567487,3.0
mid,1.678131276283584,4.0
friend,9.704687478510627,10.0
songs,0.0033499299695965564,2.0
Her,1.4437403034399412,3.0
drown,0.32211807780056406,4.0
bottom,0.6546270613366303,4.0
inflated,0.9923314977404474,8.0
redhanded,5.431023080530305,3.0
laid,3.511368383435647,3.0
His,13.067535765848337,7.0
beleive,0.0033499299695965564,2.0
crying,1.0118179965936431,3.0
heavy,2.675658226891782,4.0
incident,1.4437403034399412,3.0
they,1171.8286539772191,2155.0
my,2980.946774944692,7033.0
Mexicans,0.6335616438356164,1
new,12.830650710642463,12.0
drift,0.48837256956859715,4.0
able,13.799552221536272,25.0
washing,13.067535765848337,7.0
2,38.915074185721785,51.0
hop,0.0033499299695965564,2.0
dead,3.0923588503203367,8.0
doctor,1.1437942570189008,3.0
likely,1.1437942570189008,3.0
Year,1.3437582879662613,3.0
effort,1.4437403034399412,3.0
minute,2.895479168117777,6.0
someones,12.8234777415322,7.0
People,4.678509655633199,5.0
shake,1.210540518185991,4.0
enough,8.624989672189578,23.0
havent,6.537796997051062,8.0
telephone,1.4437403034399412,3.0
makers,0.1780821917808219,1
Told,1.1437942570189008,3.0
so,523.0520690143952,1405.0
tested,1.1437942570189008,3.0
pressure,0.32211807780056406,4.0
wants,2.2875885140378016,6.0
freak,1.1437942570189008,3.0
chow,13.067535765848337,7.0
Hey,0.6335616438356164,1
off,353.6000417581356,180.0
those,1.0138780656062163,5.0
yeah,13.067535765848337,7.0
apart,18.87728303369913,7.0
unlock,1.0118179965936431,3.0
am,32.95025483320696,148.0
twice,3.5602912666584405,11.0
from,1395.1467066094501,1938.0
kitchen,3.511368383435647,3.0
HELL,1.8116741203830844,3.0
seconds,6.739082638310511,25.0
complained,6.077090102304205,7.0
states,12.25951542636481,7.0
extremely,0.8780315346499247,4.0
sunlight,0.32211807780056406,4.0
order,31.954218405718006,19.0
example,13.069619392216518,13.0
shrimp,0.1618150684931507,3
frantic,1.1437942570189008,3.0
calls,17.159368856130992,20.0
smoked,13.067535765848337,7.0
squeamish,13.067535765848337,7.0
soundtracks,0.0033499299695965564,2.0
stuck,6.077090102304205,7.0
globe,12.25951542636481,7.0
portion,14.325703857433075,23.0
quite,1.0118179965936431,3.0
fun,4.735925923575783,6.0
burned,4.032760520990335,7.0
die,0.32211807780056406,4.0
8pm,1.0118179965936431,3.0
50s,4.032760520990335,7.0
sailors,1.210540518185991,4.0
mars,0.07876712328767123,1
UH,1.1437942570189008,3.0
adjectives,0.0033499299695965564,2.0
shallow,0.6546270613366303,4.0
Once,2.8096706227857258,10.0
fully,1.337286004363804,9.0
seems,3.4113863679619665,3.0
thanks,0.32211807780056406,4.0
A,195.56188231051584,605.0
card,50.78535068252343,86.0
Phillippines,0.49876347530409926,4.0
mentioned,4.508429339014356,15.0
couldve,0.32211807780056406,4.0
primary,0.32211807780056406,4.0
faced,13.067535765848337,7.0
feels,0.8776816520342978,2.0
churned,0.32211807780056406,4.0
admit,1.1437942570189008,3.0
Something,0.48837256956859715,4.0
morning,3.123438163397768,6.0
gross,0.09246575342465753,1
Bahamas,4.509653089207897,4.0
crystal,0.6546270613366303,4.0
odor,13.067535765848337,7.0
Bali,0.6546270613366303,4.0
penetrated,13.067535765848337,7.0
given,5.431023080530305,3.0
moment,0.32211807780056406,4.0
surrounding,4.509653089207897,4.0
done,2.4763373316771276,8.0
heads,0.8776816520342978,2.0
natural,13.067535765848337,7.0
lips,0.06699859939193113,2.0
monologue,0.25794460765893484,2.0
love,1.979643906378867,3.0
last,4.977280718255111,10.0
wife,4.331220910319824,9.0
Two,1.678131276283584,4.0
among,26.135071531696674,14.0
old,152.28380921980832,352.0
happens,75.23045530396243,163.0
appetizer,1.883661171524134,3.0
pretty,1958.6611238010223,872.0
ツ,0.045376712328767124,1
dropped,7.331269529951976,15.0
somewhat,0.0033499299695965564,2.0
coworker,10.550668909822727,7.0
tsos,0.09246575342465753,1
night,19.005503951736532,41.0
part,14.379264571174517,28.0
refused,0.9767451391371943,8.0
Daily,13.067535765848337,7.0
unhealthy,12.8234777415322,7.0
buddy,0.9663542334016922,12.0
bodies,1.210540518185991,4.0
still,593.9876179180549,1043.0
Edit,0.4487259102732406,3.0
descent,0.32211807780056406,4.0
knock,32.173291838429876,28.0
words,0.0033499299695965564,2.0
proof,13.067535765848337,7.0
replies,3.511368383435647,3.0
be,382.3599012767476,1087.0
lady,6.077090102304205,7.0
grandchildren,0.0033499299695965564,2.0
absurd,18.87728303369913,7.0
followed,4.18937531245081,19.0
prospered,13.067535765848337,7.0
notice,0.32211807780056406,4.0
sucking,4.515187818791396,3.0
smelling,13.067535765848337,7.0
pool,1.4437403034399412,3.0
vis,0.32211807780056406,4.0
piss,1.979643906378867,3.0
searching,4.509653089207897,4.0
Social,12.25951542636481,7.0
aids,0.0033499299695965564,2.0
mother,0.05393835616438356,1
why,13.28805642901229,11.0
Deaf,0.12729733884466915,2.0
FUCKING,7.841789653010011,7.0
count,12.25951542636481,7.0
Divorced,1.4437403034399412,3.0
something,12.086375844371132,23.0
circling,4.509653089207897,4.0
refuse,13.067535765848337,7.0
lives,6.283572833195268,12.0
protein,8.175178880380136,9.0
sucks,0.06506849315068493,1
bathroom,35.32615125006484,33.0
maple,0.7696917808219178,1
struck,4.509653089207897,4.0
floor,3.4871908659543998,9.0
awkwardly,0.48837256956859715,4.0
Studies,12.25951542636481,7.0
exgirlfriend,1.0118179965936431,3.0
speech,0.0535988795135449,4.0
Cozumel,1.0131133092114515,8.0
any,342.5944054784641,559.0
then,484.8417974461192,1041.0
contemplate,0.32211807780056406,4.0
also,116.38384836714792,355.0
cockroaches,13.067535765848337,7.0
leader,0.32211807780056406,4.0
zero,0.6442361556011281,8.0
week,0.9639997364709557,3.0
hi,1.883661171524134,3.0
overcome,1.979643906378867,3.0
believe,2.87996434483086,7.0
7,0.42602713515558477,4.0
jewelry,1.678131276283584,4.0
therefore,0.0033499299695965564,2.0
vulva,4.009945936248183,7.0
dont,13.61836593066544,112.0
nostrils,13.067535765848337,7.0
did,194.30573669712004,267.0
tourist,0.3493150684931507,1
whose,25.6469554830644,14.0
amount,2.182927576983533,5.0
when,1104.5301967431474,1990.0
experiences,0.32211807780056406,4.0
but,2062.699264649348,4804.0
yet,0.006699859939193113,4.0
flippers,0.49876347530409926,4.0
Hed,1.1437942570189008,3.0
6,1.979643906378867,3.0
memorable,0.32211807780056406,4.0
5,0.24418628478429857,4.0
inspection,13.067535765848337,7.0
open,19.179236087167247,40.0
may,0.03014936972636901,2.0
CANT,7.841789653010011,7.0
Sgt,13.067535765848337,7.0
sold,4.032760520990335,7.0
Will,13.067535765848337,7.0
trash,52.27014306339335,28.0
Cut,1.1437942570189008,3.0
pushed,1.437845131749228,7.0
peanut,8.048956209796202,7.0
lay,26.764155577489046,22.0
Yeah,13.067535765848337,7.0
thrown,26.388529162183353,19.0
kicking,2.6875165759325226,6.0
poorly,0.09246575342465753,1
average,0.32211807780056406,4.0
walk,10.082186440365906,9.0
Chair,13.067535765848337,7.0
dozen,1.883661171524134,3.0
attentive,6.414846112791318,3.0
alone,1.071829780738745,4.0
Descended,4.509653089207897,4.0
needle,0.6442361556011281,8.0
used,7.331269529951976,15.0
moon,0.8780315346499247,4.0
lots,3.511368383435647,3.0
yes,5.635498066472807,7.0
trust,1.0118179965936431,3.0
swear,4.4556032991486765,7.0
about,195.2014793912706,655.0
insisting,12.25951542636481,7.0
picked,13.067535765848337,7.0
afterwards,0.24418628478429857,4.0
phones,4.032760520990335,7.0
bitch,3.959287812757734,6.0
wanting,4.515187818791396,3.0
until,297.5017889262328,390.0
paddled,0.6546270613366303,4.0
worked,138.58775792655106,218.0
vents,13.067535765848337,7.0
barrel,8.297337477615839,7.0
way,106.5476637364687,225.0
supervised,0.32211807780056406,4.0
riddance,1.979643906378867,3.0
heading,0.32211807780056406,4.0
dressed,1.0118179965936431,3.0
keep,174.43437799989005,304.0
grayish,13.067535765848337,7.0
seal,0.49876347530409926,4.0
Actually,0.045376712328767124,1
crush,1.1437942570189008,3.0
can,463.67978917890684,1047.0
shook,1.210540518185991,4.0
it,54.42397758740441,373.0
cliff,2.675658226891782,4.0
along,0.6442361556011281,8.0
americans,0.18493150684931506,2
Nice,3.4113863679619665,3.0
sort,13.813914167112426,16.0
panicking,3.4113863679619665,3.0
dinner,0.07363013698630137,1
You,349.0363140286604,681.0
wikipedia,0.045376712328767124,1
cancelled,3.4113863679619665,3.0
wake,1.4437403034399412,3.0
surrounded,12.8234777415322,7.0
lost,5.835288196598084,15.0
waiting,7.921039457169864,7.0
halfway,4.509653089207897,4.0
form,0.013399719878386226,2.0
nearly,5.034393828850751,8.0
ringing,4.032760520990335,7.0
contained,8.048956209796202,7.0
Hawaiian,0.6546270613366303,4.0
okay,13.014157946807828,18.0
Spent,4.509653089207897,4.0
all,239.65506982228848,680.0
times,30.167832052687007,21.0
ALWAYS,13.067535765848337,7.0
seem,2.542873984104991,15.0
sea,0.49876347530409926,4.0
gaping,0.24418628478429857,4.0
He,325.78141688318203,397.0
murk,0.24418628478429857,4.0
tikka,0.06506849315068493,1
explain,100.38859945505497,56.0
mash,0.23715753424657535,1
8th,12.25951542636481,7.0
boatequipmentetc,0.32211807780056406,4.0
experience,4.155604539036775,11.0
HIT,13.067535765848337,7.0
parts,0.32211807780056406,4.0
birth,1.1437942570189008,3.0
left,62.00199011034796,105.0
predators,0.48837256956859715,4.0
Bangers,0.23715753424657535,1
sifting,1.678131276283584,4.0
clenched,1.0118179965936431,3.0
only,388.20275911297676,729.0
darkness,0.6546270613366303,4.0
blearily,1.4437403034399412,3.0
most,400.2943433743495,1020.0
service,24.95437313600333,14.0
nope,1.1793678009794846,4.0
see,366.94276707284786,440.0
11,1.3437582879662613,3.0
sharks,0.6546270613366303,4.0
following,3.8674481699636964,11.0
Sorry,13.067535765848337,7.0
Careful,1.678131276283584,4.0
playing,1.1437942570189008,3.0
British,0.13348691627096643,4.0
sharing,1.883661171524134,3.0
require,13.067535765848337,7.0
play,1.4437403034399412,3.0
boat,6.2241525355657386,16.0
woman,11.48939325791193,20.0
saying,9.278331035957518,12.0
Lots,13.0747087349586,12.0
handful,0.32211807780056406,4.0
rest,0.48837256956859715,4.0
reasonable,1.3437582879662613,3.0
reason,57.68130566526229,109.0
Seal,0.6546270613366303,4.0
godamn,1.4437403034399412,3.0
drop,0.32211807780056406,4.0
heroinmeth,1.979643906378867,3.0
over,690.2437459141971,572.0
Unsurprisingly,10.550668909822727,7.0
little,12.8234777415322,7.0
been,259.5117129812261,738.0
liked,1.3437582879662613,3.0
maybe,151.58632159543288,421.0
100,0.42602713515558477,4.0
relayed,1.4437403034399412,3.0
horse,0.32211807780056406,4.0
shouldnt,62.825790708413116,103.0
Heh,0.5247407396428544,4.0
after,23.52875900652907,72.0
Belize,1.1793678009794846,4.0
family,88.08454351358206,58.0
pictures,0.5247407396428544,4.0
signal,0.32211807780056406,4.0
heart,1.1437942570189008,3.0
bar,1.559174870154271,3.0
56,0.6546270613366303,4.0
parking,1.4437403034399412,3.0
pencil,16.594674955231678,14.0
comprised,13.067535765848337,7.0
masala,0.06506849315068493,1
healthy,13.067535765848337,7.0
bad,4.7635805240087645,12.0
multiple,18.87728303369913,7.0
profoundly,0.03014936972636901,2.0
Few,3.4113863679619665,3.0
send,4.4556032991486765,7.0
Dat,0.04280821917808219,1
which,58.40773500357166,118.0
vagina,8.019891872496366,14.0
upperclass,12.8234777415322,7.0
deliberately,0.0033499299695965564,2.0
during,2.888671794469575,8.0
inflate,1.3092541226732606,8.0
shape,0.013399719878386226,2.0
another,1729.774031240607,490.0
married,47.707753953990135,67.0
safely,4.515187818791396,3.0
faster,0.0033499299695965564,2.0
policy,6.077090102304205,7.0
twisting,0.24938173765204963,4.0
wrong,13.696619811640707,15.0
dorms,13.067535765848337,7.0
grouper,0.48837256956859715,4.0
got,447.5352740559294,661.0
Chuck,0.05393835616438356,1
Explaining,7.841789653010011,7.0
wide,0.24418628478429857,4.0
forgot,5.431023080530305,3.0
students,0.32211807780056406,4.0
taught,1.210540518185991,4.0
humblebrag,0.045376712328767124,1
refer,1.4437403034399412,3.0
what,558.7392695345588,1245.0
wont,3.4113863679619665,3.0
stabbing,0.24938173765204963,4.0
pit,1.1793678009794846,4.0
could,757.5210937960909,1179.0
internal,1.4437403034399412,3.0
carelessly,13.067535765848337,7.0
guys,0.9025975298553586,4.0
wood,8.297337477615839,7.0
swam,3.917371462284279,28.0
cheesy,3.4113863679619665,3.0
gravity,5.635498066472807,7.0
leaves,2.2595935497051713,3.0
question,2.2350728384772296,10.0
cuisine,0.045376712328767124,1
glad,4.555180624980868,6.0
enormous,1.1793678009794846,4.0
actual,4.824103320010631,9.0
shat,0.24418628478429857,4.0
individuals,12.8234777415322,7.0
Language,0.0033499299695965564,2.0
How,15.888208652971715,12.0
pube,13.067535765848337,7.0
failed,26.135071531696674,14.0
happening,1.1437942570189008,3.0
horrified,13.067535765848337,7.0
apex,0.48837256956859715,4.0
homeless,12.8234777415322,7.0
well,67.4630945258028,146.0
life,72.57000477720221,96.0
Warehouse,18.87728303369913,7.0
wealthy,12.8234777415322,7.0
filmhttpswwwyoutubecomwatchvsnlWsFmkc,2.2915877946567487,3.0
loved,1.1437942570189008,3.0
bed,23.929440839433823,40.0
actualy,18.87728303369913,7.0
That,50.30317736815502,35.0
Drivers,1.2676904997312521,4.0
due,3.1016853620473674,8.0
turned,42.28928990958786,76.0
complains,13.067535765848337,7.0
pvc,0.32211807780056406,4.0
Dallas,37.75456606739826,14.0
metal,13.067535765848337,7.0
sickness,13.067535765848337,7.0
overhead,1.678131276283584,4.0
mostly,0.32211807780056406,4.0
months,5.047092141111374,9.0
are,355.73746099655887,912.0
Stan,1.1437942570189008,3.0
bills,12.8234777415322,7.0
trip,0.32211807780056406,4.0
sweet,0.09246575342465753,1
english,0.045376712328767124,1
admitted,12.8234777415322,7.0
Had,26.94273259884576,31.0
ass,6.818773455304986,15.0
bred,13.067535765848337,7.0
emhttpswwwyoutubecomwatchvMF5Qq9mhrrw,0.24418628478429857,4.0
involving,0.7696917808219178,1
girlfriend,2.355576284559904,6.0
biggie,4.032760520990335,7.0
technologically,4.032760520990335,7.0
potatoes,0.06506849315068493,1
nono,0.32211807780056406,4.0
very,557.4552901787847,934.0
golden,1.4437403034399412,3.0
committee,1.0118179965936431,3.0
veg,0.06506849315068493,1
curled,1.4437403034399412,3.0
stand,4.858968157701048,5.0
illness,25.6469554830644,14.0
aka,0.02679943975677245,2.0
saw,12.072035670977147,29.0
inspections,65.33767882924168,35.0
heaps,13.067535765848337,7.0
adults,0.0033499299695965564,2.0
pet,1.1437942570189008,3.0
upon,0.5247407396428544,4.0
plankton,0.24418628478429857,4.0
literally,0.6546270613366303,4.0
huge,3.5602912666584405,11.0
suspicious,3.4113863679619665,3.0
next,18.856608118336077,18.0
soothing,0.0033499299695965564,2.0
Turkey,0.1780821917808219,1
stay,1.4437403034399412,3.0
list,0.045376712328767124,1
To,26.764155577489046,22.0
astounded,0.0033499299695965564,2.0
surface,0.32211807780056406,4.0
dogs,0.08047945205479452,1
four,1.0118179965936431,3.0
graduated,18.87728303369913,7.0
AfricanAmerican,10.550668909822727,7.0
book,1.501485878780049,8.0
rapidly,0.6546270613366303,4.0
time,127.37494039157401,261.0
processes,0.0033499299695965564,2.0
MORE,0.6546270613366303,4.0
naked,15.713173551843573,15.0
string,6.902236714314686,7.0
french,0.5736301369863014,1
career,26.135071531696674,14.0
STDs,1.1437942570189008,3.0
some,1119.3162132166556,1581.0
bf,3.511368383435647,3.0
flight,26.135071531696674,14.0
dry,41.078688400095544,50.0
discount,6.077090102304205,7.0
Bell,0.6335616438356164,1
touch,1.678131276283584,4.0
large,0.5663043625848626,8.0
prominence,0.02679943975677245,2.0
weird,0.24418628478429857,4.0
site,0.32211807780056406,4.0
amazing,1.0387276668416598,4.0
20s,18.258607316805808,20.0
victims,12.8234777415322,7.0
25,0.32211807780056406,4.0
oh,1.9578238509499712,4.0
nowhere,2.7874985914062025,6.0
settingsI,0.32211807780056406,4.0
VT,1.1437942570189008,3.0
girlfriends,3.4113863679619665,3.0
One,28.650646756156913,67.0
charming,6.414846112791318,3.0
legs,2.0412877419953053,4.0
America,20.496327494931663,14.0
upstairs,1.979643906378867,3.0
back,462.9230934646513,642.0
listening,13.067535765848337,7.0
zipped,1.1437942570189008,3.0
key,30.093104574713557,20.0
human,1.1437942570189008,3.0
birthday,3.511368383435647,3.0
fuck,31.699389800535943,78.0
tell,278.2650117222229,518.0
local,0.32211807780056406,4.0
eggs,8.127244818254313,7.0
sky,0.6546270613366303,4.0
brilliant,1.4437403034399412,3.0
explained,54.144368892547234,58.0
TEN,18.87728303369913,7.0
property,1.3437582879662613,3.0
has,0.06063821610357668,5.0
Upvote,0.02679943975677245,2.0
partners,1.1437942570189008,3.0
Undeterred,0.32211807780056406,4.0
use,49.9860359351575,44.0
have,703.416274672098,1321.0
needs,1.1437942570189008,3.0
every,88.2413031846886,361.0
sucked,4.515187818791396,3.0
warehouses,18.87728303369913,7.0
early,2.4555583000335846,6.0
assaulted,13.067535765848337,7.0
happened,6.536250870637058,16.0
worse,0.32211807780056406,4.0
cheat,2.2875885140378016,6.0
entered,0.32211807780056406,4.0
distance,1.678131276283584,4.0
immediately,17.492245580496636,41.0
Firstly,0.05393835616438356,1
flooded,0.32211807780056406,4.0
Pretty,6.077090102304205,7.0
us,25.01853715739836,50.0
came,434.7568385761529,659.0
cover,13.067535765848337,7.0
you,752.0018365235065,1398.0
Pic,0.32211807780056406,4.0
20,1.0667180641898004,6.0
cramped,1.979643906378867,3.0
unmade,13.067535765848337,7.0
response,0.32211807780056406,4.0
Thats,85.13893723745541,103.0
considered,0.1190068493150685,2
squeeze,0.24938173765204963,4.0
message,4.4556032991486765,7.0
our,678.97107957003,1362.0
knew,68.85044968095194,69.0
They,295.4887429993114,665.0
asap,1.4437403034399412,3.0
23,12.8234777415322,7.0
ants,26.135071531696674,14.0
assumed,0.6442361556011281,8.0
odd,4.032760520990335,7.0
search,0.09246575342465753,1
proceeded,4.032760520990335,7.0
When,263.25260852613184,280.0
midwest,0.24418628478429857,4.0
the,4706.774104739435,10237.0
buy,12.8234777415322,7.0
will,199.18709850602104,331.0
confused,4.66351317764307,5.0
grade,12.25951542636481,7.0
Hawaii,12.25951542636481,7.0
Alaska,12.25951542636481,7.0
escorted,1.3437582879662613,3.0
sound,0.1540967786014416,18.0
alarm,1.3437582879662613,3.0
truck,1.678131276283584,4.0
Kept,0.6546270613366303,4.0
he,1703.9964194436552,2476.0
actually,313.37659215863164,473.0
infidelity,1.1437942570189008,3.0
removal,13.067535765848337,7.0
someone,83.72733970821443,180.0
foot,14.3590923634138,26.0
deflated,0.6546270613366303,4.0
few,747.1929033286452,853.0
scariest,1.7664539750353514,8.0
big,70.53745653952464,58.0
grandpas,1.210540518185991,4.0
bothering,1.4437403034399412,3.0
latter,1.0118179965936431,3.0
losing,1.678131276283584,4.0
Kobe,11.262986572820786,7.0
Boy,1.4437403034399412,3.0
supposed,9.147108251209726,8.0
job,22.81186869804702,35.0
same,334.9217547262049,244.0
rolled,3.356262552567168,8.0
stopped,6.189062745796115,13.0
Most,2.4442360239650314,11.0
Walked,1.979643906378867,3.0
is,516.6597953721042,1432.0
Wow,0.02679943975677245,2.0
initial,13.067535765848337,7.0
conversation,12.8234777415322,7.0
tunnel,0.32211807780056406,4.0
dove,0.32211807780056406,4.0
Great,1.678131276283584,4.0
class,4.153923002980151,8.0
continue,26.764155577489046,22.0
fortunate,1.1437942570189008,3.0
donation,12.8234777415322,7.0
treated,12.8234777415322,7.0
signs,4.509653089207897,4.0
stank,13.067535765848337,7.0
whether,1.4437403034399412,3.0
level,0.0033499299695965564,2.0
outfit,0.32211807780056406,4.0
mask,0.9923314977404474,8.0
hell,1.471859323556482,5.0
kill,5.311383976277521,15.0
charge,0.49876347530409926,4.0
picturesmovies,0.02679943975677245,2.0
edit,14.454931066509726,20.0
anxious,1.1793678009794846,4.0
true,31.70076077523133,14.0
assumption,0.0033499299695965564,2.0
Tldr,4.509653089207897,4.0
look,6.8579977854313645,20.0
dormitory,1.0118179965936431,3.0
SO,1.4437403034399412,3.0
onto,1.678131276283584,4.0
different,170.52404850854404,162.0
free,26.135071531696674,14.0
went,190.74266029652793,552.0
everything,36.53908661394631,47.0
realizing,0.32211807780056406,4.0
lived,6.491498487524512,14.0
wed,0.32211807780056406,4.0
shows,3.4113863679619665,3.0
Diving,2.5457719051980066,12.0
crappy,0.13613013698630136,3
his,90.41916200658386,175.0
Locked,3.451379174151439,3.0
19,0.6442361556011281,8.0
lucky,1.6879265882242398,7.0
led,0.32211807780056406,4.0
Or,0.0033499299695965564,2.0
Grew,12.8234777415322,7.0
stuff,18.788825590195714,26.0
compassion,1.979643906378867,3.0
balls,1.883661171524134,3.0
fresh,4.515187818791396,3.0
stores,3.4113863679619665,3.0
Tatties,0.05393835616438356,1
late,2.4555583000335846,6.0
ideal,12.8234777415322,7.0
lazy,1.1437942570189008,3.0
asleep,1.4437403034399412,3.0
lead,5.285364818730148,14.0
dustedvacuumed,13.067535765848337,7.0
location,0.42602713515558477,4.0
lot,442.1282216788547,718.0
pushing,1.0118179965936431,3.0
past,169.12308550361752,272.0
gave,1.3339360743942072,7.0
probably,30.76362465653213,52.0
All,308.265926679048,450.0
instances,0.03014936972636901,2.0
opportunity,12.8234777415322,7.0
If,232.73441848670242,543.0
she,399.8623702733627,709.0
anger,1.3437582879662613,3.0
warning,0.32211807780056406,4.0
grades,31.468979156609123,28.0
say,14.280627152717184,20.0
them,362.7580063254526,733.0
reached,0.32211807780056406,4.0
introduce,3.4113863679619665,3.0
dad,0.6442361556011281,8.0
failsafe,0.32211807780056406,4.0
texture,0.06506849315068493,1
goals,12.8234777415322,7.0
Joes,1.883661171524134,3.0
syrup,0.7696917808219178,1
scary,0.24938173765204963,4.0
contributed,12.8234777415322,7.0
does,4.469949237369203,17.0
further,0.8780315346499247,4.0
cause,6.313609137146926,10.0
monogamous,2.2875885140378016,6.0
length,0.6546270613366303,4.0
New,2.6875165759325226,6.0
an,499.2324779731517,1080.0
Hot,0.08047945205479452,1
languages,13.120704270062342,7.0
believed,40.901729592836844,28.0
horrors,13.067535765848337,7.0
end,0.32211807780056406,4.0
group,1.6297111878866088,11.0
girl,9.46229794442909,15.0
watching,3.4113863679619665,3.0
paperwork,13.067535765848337,7.0
earth,0.07363013698630137,1
super,0.24938173765204963,4.0
confidently,0.32211807780056406,4.0
BC,0.3377044364038172,4.0
up,68.5607550202695,169.0
close,0.748145212956149,8.0
Australian,1.318417230514758,6.0
recover,4.509653089207897,4.0
describes,0.0033499299695965564,2.0
hey,0.32211807780056406,4.0
honest,1.1437942570189008,3.0
really,321.3250692546863,655.0
gotten,57.6345076946683,82.0
again,1.2000143527126808,4.0
snouts,0.24418628478429857,4.0
rent,12.8234777415322,7.0
THE,1.8116741203830844,3.0
vet,3.4313827710567026,9.0
troops,78.40521459509003,42.0
supervisors,13.067535765848337,7.0
walking,4.3792122777471905,12.0
sign,1.9641085636221713,20.0
area,29.21944715735562,40.0
smelledodd,4.032760520990335,7.0
unfazed,0.32211807780056406,4.0
Nothing,13.067535765848337,7.0
coming,14.05419081717507,26.0
crucial,0.32211807780056406,4.0
65,4.509653089207897,4.0
add,4.589350498217233,4.0
IMPOSSIBLE,18.87728303369913,7.0
vegetarians,8.048956209796202,7.0
customer,24.95437313600333,14.0
BSLs,0.0033499299695965564,2.0
outside,5.8589461067576565,6.0
country,4.4556032991486765,7.0
broke,5.658982075810297,6.0
agree,0.5736301369863014,1
putting,4.032760520990335,7.0
luckily,0.49876347530409926,4.0
meals,0.045376712328767124,1
stewing,1.3437582879662613,3.0
navy,1.210540518185991,4.0
It,495.49877505586244,1307.0
grandpa,1.210540518185991,4.0
Nobody,14.637270760479794,9.0
talking,1.1437942570189008,3.0
Youd,13.067535765848337,7.0
ironic,0.32211807780056406,4.0
impossible,13.34716789866303,10.0
addiction,1.979643906378867,3.0
Three,0.49876347530409926,4.0
panic,0.6442361556011281,8.0
mechanical,16.594674955231678,14.0
Ive,28.9417670379159,112.0
fluke,1.678131276283584,4.0
Fuck,3.511368383435647,3.0
pop,4.032760520990335,7.0
deeper,1.1793678009794846,4.0
tried,65.99741647731065,79.0
staff,17.42811481741815,28.0
documentary,0.09246575342465753,1
asshole,1.979643906378867,3.0
Was,1.525635107390187,6.0
barely,0.6442361556011281,8.0
inside,4.661844566782705,15.0
necessary,0.0033499299695965564,2.0
looked,34.87841935590062,28.0
below,2.3017619841794312,7.0
recovering,1.210540518185991,4.0
person,64.27291384318883,191.0
behold,1.4437403034399412,3.0
paramedic,10.446532055290982,7.0
loves,1.1471441869884975,5.0
examples,13.067535765848337,7.0
dangers,0.32211807780056406,4.0
Take,0.24418628478429857,4.0
1215,1.3437582879662613,3.0
real,417.8675435920117,344.0
anatomy,4.009945936248183,7.0
somebody,0.24938173765204963,4.0
tip,1.1429996309052275,8.0
dish,0.1660958904109589,2
never,732.4042256976404,833.0
heard,6.091436040524731,17.0
voice,6.5733401392908535,15.0
tiger,0.48837256956859715,4.0
restaurants,0.07363013698630137,1
if,337.6553018789589,1010.0
worried,3.4113863679619665,3.0
cheating,1.1437942570189008,3.0
compare,8.297337477615839,7.0
soft,0.04280821917808219,1
takeout,13.067535765848337,7.0
incredibly,5.189499659719231,7.0
HARD,3.4113863679619665,3.0
exit,4.8293073353540645,7.0
downtown,3.4113863679619665,3.0
respiratory,13.067535765848337,7.0
vacuum,0.32211807780056406,4.0
blocked,4.509653089207897,4.0
immediate,1.979643906378867,3.0
Later,2.055630238138864,3.0
particularly,20.42324932343973,22.0
owns,12.8234777415322,7.0
staring,1.1274132723019743,4.0
OH,1.1437942570189008,3.0
chinese,0.2773972602739726,3
educated,0.0033499299695965564,2.0
complete,0.32211807780056406,4.0
fucked,4.52318638002929,6.0
flavor,0.04280821917808219,1
1st,13.067535765848337,7.0
foul,26.135071531696674,14.0
clean,39.75859094263335,27.0
home,22.724805189681668,27.0
help,68.17167435171845,51.0
fear,0.32211807780056406,4.0
em,26.135071531696674,14.0
normal,0.24171975853024671,4.0
couch,1.979643906378867,3.0
corporate,6.077090102304205,7.0
intervene,0.49876347530409926,4.0
either,1.2179569364447382,4.0
year,195.702861909253,415.0
skates,4.031274863898784,9.0
feeders,0.24418628478429857,4.0
ok,5.794957616854502,3.0
fare,0.04280821917808219,1
train,3.4113863679619665,3.0
decide,3.511368383435647,3.0
personal,13.34300581133504,9.0
great,2.0395424718057664,8.0
equipped,0.32211807780056406,4.0
eat,19.194501869325382,16.0
sent,1.3218764487997228,4.0
redpink,0.8780315346499247,4.0
dated,2.155612253612544,6.0
cannot,8.626646789046552,10.0
campus,1.0118179965936431,3.0
money,37.00479549652776,21.0
mainly,0.0033499299695965564,2.0
Apparently,9.945658585108934,7.0
were,386.3902866632102,1062.0
called,6.6079029263002,12.0
visit,0.045376712328767124,1
genuinely,1.798421318355531,7.0
sounding,1.3437582879662613,3.0
white,1.1429996309052275,8.0
Star,0.0033499299695965564,2.0
trophy,1.4437403034399412,3.0
triple,4.743146814071386,3.0
appear,1.1793678009794846,4.0
understanding,15.083044596477983,28.0
would,722.4484165806998,1189.0
like,480.1492989571668,1247.0
check,3.4113863679619665,3.0
lonely,1.4437403034399412,3.0
towards,43.58541431839512,102.0
Partner,2.675658226891782,4.0
kept,26.26329214131077,22.0
deaf,0.010049789908789668,6.0
Not,934.3944005206149,462.0
press,11.262986572820786,7.0
letter,4.4556032991486765,7.0
70,4.998025658776494,8.0
Just,3.749090804365784,7.0
courtesy,1.1437942570189008,3.0
making,116.6492944715817,198.0
notes,1.1437942570189008,3.0
sheltered,12.8234777415322,7.0
reverse,0.24938173765204963,4.0
dude,5.958928122231337,6.0
pitch,0.9767451391371943,8.0
whales,3.356262552567168,8.0
difficult,13.067535765848337,7.0
began,0.9663542334016922,12.0
Kelly,13.067535765848337,7.0
sister,12.50455950894488,14.0
soon,2.2875885140378016,6.0
door,12.526202568691385,18.0
Doner,0.3561643835616438,2
offend,0.07363013698630137,1
2for1s,1.979643906378867,3.0
setting,1.3437582879662613,3.0
Who,3.4113863679619665,3.0
dumb,31.14665847593368,27.0
or,921.767747011667,1826.0
stationed,13.067535765848337,7.0
hes,3.4113863679619665,3.0
Monterey,0.49876347530409926,4.0
MULTIPLAYER,7.841789653010011,7.0
appt,1.1437942570189008,3.0
worry,3.4113863679619665,3.0
Austrian,0.045376712328767124,1
lane,11.262986572820786,7.0
bloody,0.6546270613366303,4.0
hot,3.4113863679619665,3.0
easy,1.678131276283584,4.0
support,1.4437403034399412,3.0
both,17.901684339905437,45.0
dorm,19.874954502588754,40.0
fax,11.357840013463361,7.0
get,793.838812399811,1229.0
society,31.468979156609123,28.0
Scared,4.509653089207897,4.0
PAUSED,7.841789653010011,7.0
go,501.0390627219178,713.0
Alipoo,1.883661171524134,3.0
lions,0.49876347530409926,4.0
quelled,13.067535765848337,7.0
Good,1.9930436262572533,5.0
furiously,0.32211807780056406,4.0
wet,4.032760520990335,7.0
cookies,3.4113863679619665,3.0
consider,0.0033499299695965564,2.0
Norwegians,0.2611301369863014,1
shallower,0.32211807780056406,4.0
Theyre,1.1793678009794846,4.0
teeth,0.5247407396428544,4.0
mean,10.703541079539432,9.0
comment,0.3081935572028832,4.0
being,90.72945324167245,158.0
coast,13.846409150538808,15.0
lie,2.2875885140378016,6.0
mad,3.4113863679619665,3.0
hear,35.33682066907573,107.0
two,5.975565424027362,11.0
Deep,0.07876712328767123,1
deaths,0.32211807780056406,4.0
fields,13.067535765848337,7.0
hide,1.1437942570189008,3.0
proceed,4.032760520990335,7.0
dropouts,13.067535765848337,7.0
special,0.05393835616438356,1
rifleand,1.8116741203830844,3.0
throat,1.0118179965936431,3.0
foods,0.04280821917808219,1
leaving,2.4555583000335846,6.0
Like,4.4556032991486765,7.0
reaction,1.979643906378867,3.0
sight,3.511368383435647,3.0
shark,0.9143997047241819,8.0
arent,16.997558214393024,12.0
Staying,1.0118179965936431,3.0
second,33.60549009841681,48.0
Down,0.24418628478429857,4.0
warehouse,18.87728303369913,7.0
Mexican,0.6335616438356164,1
tons,33.43117237344371,28.0
Sign,0.1306472688142657,4.0
hurt,2.355576284559904,6.0
take,14.379096581281825,30.0
happy,1.1437942570189008,3.0
Concluded,1.4437403034399412,3.0
available,12.8234777415322,7.0
Taco,1.2671232876712328,2
letting,6.077090102304205,7.0
swimming,1.9638811840098906,16.0
Through,0.013399719878386226,2.0
read,0.324943207050866,4.0
burst,3.4113863679619665,3.0
These,26.135071531696674,14.0
bullet,1.1437942570189008,3.0
spy,1.3437582879662613,3.0
cleaning,1.1274132723019743,4.0
answers,13.166479325987646,16.0
Maybe,13.425635184158013,9.0
Wiener,0.045376712328767124,1
With,0.2545946776893383,4.0
forgave,1.4437403034399412,3.0
disassemble,8.297337477615839,7.0
pee,16.3083740187788,28.0
drunker,3.511368383435647,3.0
translating,0.0033499299695965564,2.0
misguided,0.32211807780056406,4.0
caught,5.431023080530305,3.0
nicknamed,13.067535765848337,7.0
wasnt,8.712590707294085,24.0
kiss,2.6875165759325226,6.0
After,57.34629176341308,67.0
scuba,0.32211807780056406,4.0
solid,16.594674955231678,14.0
choice,2.155612253612544,6.0
fine,0.48837256956859715,4.0
28,25.6469554830644,14.0
whim,12.8234777415322,7.0
people,370.93807070923253,615.0
away,19.751748868236795,38.0
switched,1.4437403034399412,3.0
days,45.959960002633046,41.0
thinking,0.006699859939193113,4.0
chicken,0.25,3
world,2.055630238138864,3.0
tech,36.522788388222686,37.0
bizarre,1.883661171524134,3.0
flipped,1.3437582879662613,3.0
later,1.0859806760194803,4.0
Night,0.6546270613366303,4.0
usually,0.12689594506883475,4.0
shortly,13.067535765848337,7.0
certified,0.6442361556011281,8.0
im,0.09246575342465753,1
jewel,0.07363013698630137,1
allegations,13.067535765848337,7.0
clear,4.010889613903798,12.0
boning,1.1437942570189008,3.0
nearest,3.4113863679619665,3.0
ignorant,12.8234777415322,7.0
allover,13.067535765848337,7.0
conscious,0.0033499299695965564,2.0
behind,18.062024828622217,22.0
cant,29.799661259359056,104.0
instantaneous,0.32211807780056406,4.0
guess,5.528476365127033,9.0
clinging,2.675658226891782,4.0
Second,1.1437942570189008,3.0
entire,21.655815527542742,15.0
cavern,0.32211807780056406,4.0
deliveries,18.87728303369913,7.0
cried,2.055630238138864,3.0
Paso,18.87728303369913,7.0
lower,12.412387596081516,9.0
barracuda,0.5247407396428544,4.0
At,4.42320436455561,6.0
informed,3.4113863679619665,3.0
hall,13.067535765848337,7.0
blacktip,0.42602713515558477,4.0
knocked,1.0118179965936431,3.0
inspected,26.135071531696674,14.0
Why,7.028459384898618,9.0
lesstake,1.4437403034399412,3.0
Mexicoat,0.32211807780056406,4.0
space,13.067535765848337,7.0
But,42.262202574752855,48.0
affair,2.8874806068798824,6.0
grabs,0.32211807780056406,4.0
hour,5.653447346226798,7.0
Trunk,1.4437403034399412,3.0
McDonalds,2.05222602739726,1
10,17.803442134617544,31.0
contact,0.32211807780056406,4.0
stared,1.883661171524134,3.0
working,69.32359661170003,54.0
Coming,0.42602713515558477,4.0
Its,315.78734772568237,111.0
cloudy,1.1274132723019743,4.0
breach,0.32211807780056406,4.0
youre,2.2595935497051713,3.0
swap,1.4437403034399412,3.0
WTF,6.077090102304205,7.0
caretakers,12.8234777415322,7.0
minutes,7.241165985027132,23.0
GAMES,7.841789653010011,7.0
Happened,3.451379174151439,3.0
whole,6.444995482517687,5.0
as,1278.8995050763358,2269.0
evening,3.485549047387804,4.0
airsoft,1.8116741203830844,3.0
work,435.10630396889985,548.0
damn,0.013399719878386226,2.0
rigorous,13.067535765848337,7.0
fierce,1.979643906378867,3.0
Mark,12.8234777415322,7.0
worth,38.55589063256974,37.0
interaction,6.077090102304205,7.0
Thanksgiving,1.4437403034399412,3.0
finished,0.8780315346499247,4.0
helped,3.123438163397768,6.0
shopping,3.4113863679619665,3.0
Hi,1.883661171524134,3.0
jetty,0.49876347530409926,4.0
received,3.4113863679619665,3.0
schizophrenia,12.8234777415322,7.0
Both,0.32211807780056406,4.0
undue,1.1437942570189008,3.0
urge,1.1793678009794846,4.0
beginning,0.32211807780056406,4.0
closer,1.371599557086273,12.0
unique,0.045376712328767124,1
Turns,0.8988133461209289,8.0
lose,90.24312848484252,158.0
day,21.217435960715367,124.0
blindly,0.32211807780056406,4.0
arm,1.7560630692998493,8.0
core,0.07363013698630137,1
awful,3.511368383435647,3.0
blushes,3.4113863679619665,3.0
Gardens,0.48837256956859715,4.0
lockin,1.3437582879662613,3.0
cared,1.1437942570189008,3.0
conditions,13.45256178732457,15.0
shower,26.135071531696674,14.0
teach,0.05393835616438356,1
interesting,0.25794460765893484,2.0
promised,0.07363013698630137,1
sick,3.4113863679619665,3.0
vanishing,1.1793678009794846,4.0
dislike,0.09246575342465753,1
town,3.4113863679619665,3.0
and,5290.939605964338,9469.0
theyre,0.24418628478429857,4.0
showed,1.979643906378867,3.0
much,300.2397804340286,443.0
OP,5.808357336732888,5.0
mum,7.841789653010011,7.0
Schnitzel,0.045376712328767124,1
turn,1.3437582879662613,3.0
stung,0.8780315346499247,4.0
issues,1.0118179965936431,3.0
alipoo1990,1.883661171524134,3.0
junk,3.511368383435647,3.0
weights,0.6546270613366303,4.0
rank,13.067535765848337,7.0
let,11.953791057195499,23.0
Were,13.067535765848337,7.0
snakes,0.42602713515558477,4.0
station,12.8234777415322,7.0
shitless,4.509653089207897,4.0
problem,2.055630238138864,3.0
no,430.77649346627857,689.0
trunk,8.662441820639648,18.0
Overcooked,0.06506849315068493,1
bolt,1.1793678009794846,4.0
tsohttpsenwikipediaorgwikiTheSearchforGeneralTso,0.09246575342465753,1
war,1.210540518185991,4.0
showing,0.5247407396428544,4.0
rubber,1.3437582879662613,3.0
credit,12.8234777415322,7.0
Europe,0.1780821917808219,1
knows,0.0033499299695965564,2.0
predicament,1.0118179965936431,3.0
GET,1.8116741203830844,3.0
12,2.5711535757419157,7.0
entirely,0.5247407396428544,4.0
hoping,0.050248949543948346,2.0
red,0.8780315346499247,4.0
tiniest,1.678131276283584,4.0
drive,67.20537857489947,43.0
skated,1.3437582879662613,3.0
sees,0.8776816520342978,2.0
cheap,0.23715753424657535,1
trusting,0.32211807780056406,4.0
field,6.8200924127119125,13.0
bothered,13.067535765848337,7.0
paid,25.6469554830644,14.0
gain,1.4437403034399412,3.0
though,21.66222591932838,137.0
entryhttpsenwikipediaorgwikiAustriancuisine,0.045376712328767124,1
Blue,1.1793678009794846,4.0
kind,248.30897690642186,272.0
although,12.8234777415322,7.0
sure,14.844754685922444,17.0
gotand,1.1793678009794846,4.0
BSL,0.0033499299695965564,2.0
Fosters,0.791095890410959,1
For,0.8780315346499247,4.0
surprised,3.511368383435647,3.0
u,22.949829876386914,28.0
remembers,0.0033499299695965564,2.0
fired,12.15418020460841,14.0
moaning,3.0354539897809296,9.0
oceans,9.945658585108934,7.0
Thing,0.5280906696124509,6.0
party,2.355576284559904,6.0
Special,13.067535765848337,7.0
bit,7.505629793075608,23.0
dives,0.32211807780056406,4.0
daily,13.067535765848337,7.0
dread,0.32211807780056406,4.0
control,1.1437942570189008,3.0
fathom,12.8234777415322,7.0
hastily,13.067535765848337,7.0
werent,4.515187818791396,3.0
bring,1.210540518185991,4.0
rooms,1.0118179965936431,3.0
small,1.4437403034399412,3.0
folks,0.04280821917808219,1
scarcely,13.067535765848337,7.0
jealous,3.4113863679619665,3.0
affect,12.8234777415322,7.0
nothing,1.6009860378408187,6.0
excited,0.013399719878386226,2.0
seriously,31.997679020363883,28.0
thread,0.050248949543948346,2.0
Hes,1.1437942570189008,3.0
blue,9.183452746926026,10.0
relieved,0.6546270613366303,4.0
octopus,0.32211807780056406,4.0
ft,0.24418628478429857,4.0
explaining,4.009945936248183,7.0
FUCK,1.3437582879662613,3.0
expensive,12.8234777415322,7.0
relationships,3.511368383435647,3.0
near,8.731850484595242,30.0
for,1300.3659424617156,2930.0
foundation,12.8234777415322,7.0
quixal,4.743146814071386,3.0
base,13.067535765848337,7.0
midnight,1.3437582879662613,3.0
hates,0.1780821917808219,1
sounds,1.3406359343334004,11.0
Weve,1.4437403034399412,3.0
mouth,1.7807450210207962,11.0
remembered,0.32211807780056406,4.0
harder,12.8234777415322,7.0
Yet,0.0033499299695965564,2.0
Another,1.1533905366407295,8.0
mental,12.8234777415322,7.0
story,33.93492290225115,29.0
rink,5.375033151865045,12.0
women,4.009945936248183,7.0
with,971.1189172016332,2487.0
stopper,1.3437582879662613,3.0
needed,51.59122140501953,41.0
her,191.0872418306166,489.0
Guy,1.4437403034399412,3.0
angry,1.0118179965936431,3.0
Meatballs,0.5736301369863014,1
feel,2.4257342013509007,10.0
vacation,0.32211807780056406,4.0
run,36.03462113442398,28.0
i,92.71098935799729,448.0
3040,0.24418628478429857,4.0
scared,5.164280150544527,8.0
polite,1.1437942570189008,3.0
realized,6.811415073387328,11.0
since,1.0893306059890768,6.0
thank,13.067535765848337,7.0
Seems,3.4113863679619665,3.0
wise,4.032760520990335,7.0
neighbors,0.0033499299695965564,2.0
necessarily,0.2611301369863014,1
point,2.0289617211337334,7.0
load,13.067535765848337,7.0
saved,0.32211807780056406,4.0
brain,13.067535765848337,7.0
gifts,1.1437942570189008,3.0
owners,1.6658763657668252,7.0
sudden,3.021889564249845,7.0
stained,26.135071531696674,14.0
basically,13.703792780750971,20.0
decided,9.124534720103364,13.0
teacher,4.4556032991486765,7.0
r,3.4113863679619665,3.0
computers,1.1437942570189008,3.0
Potatoes,0.05393835616438356,1
Then,1.3437582879662613,3.0
float,0.6546270613366303,4.0
many,22.5381390499636,17.0
must,4.509653089207897,4.0
ago,126.31996608626326,172.0
Palancar,0.48837256956859715,4.0
others,13.355692605834903,20.0
upwards,0.6546270613366303,4.0
should,72.20391881342157,73.0
inner,1.1657756294196018,6.0
rainy,3.4113863679619665,3.0
watery,0.06506849315068493,1
weeks,5.08951764424555,7.0
light,15.3910211313553,26.0
down,46.58589960774524,216.0
Hungary,3.451379174151439,3.0
shoot,0.32211807780056406,4.0
than,370.2615493326049,536.0
hadnt,6.8142044690384695,18.0
Denis,6.822772735923933,6.0
spoken,0.0033499299695965564,2.0
opinion,0.5222602739726028,2
chose,32.88678699037548,40.0
risk,1.1437942570189008,3.0
Secondly,0.05393835616438356,1
disappeared,1.6658763657668252,7.0
hours,2.4555583000335846,6.0
brown,13.067535765848337,7.0
pulled,5.4217695591216994,13.0
good,0.9845476816764351,4.0
Australia,0.791095890410959,1
meter,1.1274132723019743,4.0
PADI,0.24418628478429857,4.0
strongly,15.389219546076017,15.0
turning,0.8780315346499247,4.0
learn,0.03014936972636901,2.0
USA,0.24418628478429857,4.0
barbeque,0.05393835616438356,1
Nout,0.05393835616438356,1
line,3.485549047387804,4.0
httpsmyoutubecomwatchvcOto7MC3TQg,0.32211807780056406,4.0
similar,0.0033499299695965564,2.0
leave,50.253653588666985,48.0
regrets,3.4113863679619665,3.0
engineering,8.297337477615839,7.0
Years,1.3437582879662613,3.0
Barbee,0.05393835616438356,1
Cant,12.8234777415322,7.0
hearing,1.2629235985379017,10.0
marks,13.067535765848337,7.0
Obama,0.0033499299695965564,2.0
Indian,0.07363013698630137,1
young,2.590884490428439,8.0
abruptly,0.6546270613366303,4.0
attempting,1.3437582879662613,3.0
No,5.833679756626684,21.0
images,0.013399719878386226,2.0
phone,78.04764147152585,221.0
Open,0.24418628478429857,4.0
buying,6.077090102304205,7.0
name,0.0033499299695965564,2.0
calmly,8.254977588740367,20.0
counseled,13.067535765848337,7.0
poolgo,1.4437403034399412,3.0
fight,1.1793678009794846,4.0
indeed,5.635498066472807,7.0
penalize,12.8234777415322,7.0
silent,0.0033499299695965564,2.0
popular,0.23715753424657535,1
freaky,0.8780315346499247,4.0
beat,1.3437582879662613,3.0
agreed,1.1437942570189008,3.0
alumni,12.8234777415322,7.0
investigate,1.4437403034399412,3.0
scapegoat,13.067535765848337,7.0
There,275.822687716175,516.0
1015,0.24418628478429857,4.0
sting,1.7560630692998493,8.0
anything,116.77618067008633,118.0
My,131.0193403929474,472.0
sad,0.06506849315068493,1
BE,7.841789653010011,7.0
unfolded,13.067535765848337,7.0
asian,3.4113863679619665,3.0
comfortable,1.210540518185991,4.0
save,18.29453408736054,15.0
Some,1.1437942570189008,3.0
Frog,0.06164383561643835,1
counts,0.09246575342465753,1
language,1.1925750691763741,26.0
heathen,0.12729733884466915,2.0
Went,3.323402194345128,6.0
exactly,3.4113863679619665,3.0
Ever,14.454931066509726,20.0
simple,21.01762568631658,20.0
concept,5.635498066472807,7.0
tremendous,2.055630238138864,3.0
manager,12.15418020460841,14.0
car,6.1502442412914515,11.0
faith,6.414846112791318,3.0
swim,0.32211807780056406,4.0
hip,0.0033499299695965564,2.0
normalize,4.509653089207897,4.0
England,9.945658585108934,7.0
seasoning,0.06506849315068493,1
Best,1.4437403034399412,3.0
texting,3.511368383435647,3.0
windowgrabbed,1.8116741203830844,3.0
toilet,8.06552104198067,14.0
Your,0.0033499299695965564,2.0
your,602.7887840222031,1285.0
50,10.556643511708334,10.0
sand,2.3327583376202146,8.0
RIGHT,0.06506849315068493,1
thing,3.821096337389936,12.0
rep,18.87728303369913,7.0
Um,6.902236714314686,7.0
8,4.998025658776494,8.0
gravy,0.06506849315068493,1
contributions,0.09246575342465753,1
lo,1.4437403034399412,3.0
Flailed,0.6546270613366303,4.0
noon,1.678131276283584,4.0
chick,6.922754751397614,6.0
place,210.94443711389798,402.0
barracks,13.067535765848337,7.0
randomly,33.43117237344371,28.0
El,56.63184910109738,21.0
Eve,1.3437582879662613,3.0
trouble,12.8234777415322,7.0
scene,7.926574186753362,6.0
arose,1.0118179965936431,3.0
easier,1.678131276283584,4.0
jobs,25.6469554830644,14.0
score,4.743146814071386,3.0
passing,4.509653089207897,4.0
kinda,1.883661171524134,3.0
animal,1.1437942570189008,3.0
severe,0.12729733884466915,2.0
pants,1.1437942570189008,3.0
holding,1.6658763657668252,7.0
Puller,13.067535765848337,7.0
reef,1.7976266922418578,12.0
hard,15.92160151339309,15.0
outthrew,1.8116741203830844,3.0
experienced,0.8776816520342978,2.0
driveway,1.4437403034399412,3.0
What,23.755865731829363,92.0
paddlefish,0.48837256956859715,8.0
comprehend,0.0033499299695965564,2.0
training,13.696619811640707,15.0
photo,0.5247407396428544,4.0
rock,0.49876347530409926,4.0
Chesty,13.067535765848337,7.0
Wed,13.014157946807828,18.0
entrance,1.3339360743942072,7.0
dive,0.48837256956859715,8.0
because,1311.9080424060621,1412.0
hollow,16.594674955231678,14.0
describe,6.878528624085558,20.0
Survival,0.32211807780056406,4.0
at,1473.7496544288067,2741.0
china,0.18493150684931506,2
requirement,0.0033499299695965564,2.0
fought,0.32211807780056406,4.0
hole,9.019306178415794,8.0
Vietnam,1.210540518185991,4.0
me,61.28290564473938,324.0
raspy,0.0033499299695965564,2.0
right,135.88363737342056,201.0
rolling,1.4437403034399412,3.0
sauce,0.09246575342465753,1
managed,23.469512184898367,23.0
without,41.719417263077425,132.0
romantic,1.3437582879662613,3.0
drinks,0.791095890410959,1
attention,0.3377044364038172,4.0
often,18.87728303369913,7.0
diver,9.019306178415794,8.0
report,6.077090102304205,7.0
ASAP,1.1437942570189008,3.0
years,147.2232838118983,301.0
Certification,0.24418628478429857,4.0
date,3.4113863679619665,3.0
Vaporub,10.446532055290982,7.0
salvaged,4.032760520990335,7.0
recently,13.067535765848337,7.0
devastated,1.1437942570189008,3.0
decade,12.8234777415322,7.0
expect,2.2875885140378016,6.0
Everything,0.0033499299695965564,2.0
decked,1.3437582879662613,3.0
mind,4.019416514858044,7.0
difference,8.297337477615839,7.0
exboyfriend,1.979643906378867,3.0
carrotspeasbroccolicauliflower,0.06506849315068493,1
together,5.658982075810297,6.0
live,51.78202701476107,28.0
beer,0.791095890410959,1
deepest,0.32211807780056406,4.0
hung,0.6546270613366303,4.0
coldly,1.4437403034399412,3.0
do,135.43639820449778,389.0
etc,1.4437403034399412,3.0
feeling,0.6716684535512779,5.0
make,1005.2652193889941,695.0
cares,1.1437942570189008,3.0
recent,13.067535765848337,7.0
sex,10.998021702104817,9.0
looks,176.27082322937989,405.0
lifestyle,12.8234777415322,7.0
reception,1.0118179965936431,3.0
tests,13.067535765848337,7.0
found,163.0754050878843,185.0
fridge,13.067535765848337,7.0
shes,0.324778501398168,3.0
getting,589.3305811234343,495.0
properly,0.9767451391371943,8.0
pod,1.678131276283584,4.0
century,0.0033499299695965564,2.0
fade,1.1793678009794846,4.0
looking,4.5802563119420805,4.0
doesnt,16.90405091648451,18.0
first,141.85817568575058,421.0
SF,26.135071531696674,14.0
simply,0.6546270613366303,4.0
White,1.678131276283584,4.0
Friend,4.515187818791396,3.0
wall,1.3339360743942072,7.0
mouthpiece,1.678131276283584,4.0
neighbor,5.434373010499902,5.0
Well,2.7264548611126513,3.0
ever,249.5097002958962,391.0
bone,31.997679020363883,28.0
water,1.4807040673090446,16.0
mushy,0.06506849315068493,1
argument,12.8234777415322,7.0
3,41.91057794375666,57.0
SD,8.06552104198067,14.0
patiently,18.87728303369913,7.0
adamant,3.4113863679619665,3.0
Shed,1.4437403034399412,3.0
boy,1.4437403034399412,3.0
Between,3.4113863679619665,3.0
of,4904.385759078296,10082.0
The,595.3999809251503,1655.0
regretted,1.0118179965936431,3.0
side,2.6875165759325226,6.0
EDIT,29.396028916838727,17.0
before,188.54736259343503,488.0
represents,0.09246575342465753,1
Texas,18.87728303369913,7.0
met,12.929957010702614,9.0
mantle,1.4437403034399412,3.0
yall,0.07363013698630137,1
says,236.4048406300059,267.0
poutine,0.7696917808219178,1
there,213.4060284536516,355.0
On,5.720193607393888,8.0
dreams,0.006699859939193113,4.0
barricade,1.3437582879662613,3.0
a,2298.8846191119897,8159.0
I,2374.4719075693824,4668.0
loss,0.388512363017026,5.0
better,81.0905579050598,149.0
set,34.32964230128244,66.0
accurate,0.0033499299695965564,2.0
Nope,1.1437942570189008,3.0
yelling,33.77109597352342,41.0
SIM,4.032760520990335,7.0
vibration,0.06699859939193113,2.0
ascended,0.32211807780056406,4.0
voices,0.0033499299695965564,2.0
spotted,1.883661171524134,3.0
took,257.69116408332206,518.0
crew,13.067535765848337,7.0
fault,1.1326313937228298,4.0
folded,13.067535765848337,7.0
expected,13.067535765848337,7.0
telling,1.4437403034399412,3.0
try,36.45750284005948,40.0
force,16.37321774392024,20.0
infestation,13.067535765848337,7.0
sinus,0.24938173765204963,4.0
2nd,8.297337477615839,7.0
Other,13.120704270062342,7.0
scientist,0.0033499299695965564,2.0
Rescue,4.509653089207897,4.0
mentally,12.8234777415322,7.0
region,5.029714948405663,9.0
primarily,0.12729733884466915,2.0
Girlfriend,1.3437582879662613,3.0
migraine,0.02679943975677245,2.0
emotions,0.02679943975677245,2.0
find,247.106072978095,356.0
sealevel,4.509653089207897,4.0
terms,0.0033499299695965564,2.0
Saw,4.509653089207897,4.0
Left,4.515187818791396,3.0
learned,2.387798105848218,13.0
ceiling,0.32211807780056406,4.0
storm,13.067535765848337,7.0
otherwise,0.32211807780056406,4.0
feelings,0.006699859939193113,4.0
grabbing,0.32211807780056406,4.0
radio,0.0033499299695965564,2.0
myself,3.0795441317339827,9.0
tonight,1.883661171524134,3.0
choose,12.8234777415322,7.0
drowned,0.09246575342465753,1
lifestyles,12.8234777415322,7.0
bolognese,0.06506849315068493,1
cars,1.4437403034399412,3.0
bigger,1.0118179965936431,3.0
closed,1.4437403034399412,3.0
Anyway,1.3437582879662613,3.0
Although,0.2611301369863014,1
sticking,4.509653089207897,4.0
cure,10.446532055290982,7.0
boiled,0.05393835616438356,1
Id,231.66567563330426,111.0
convinced,8.048956209796202,7.0
stereotypically,0.05393835616438356,1
felt,80.78775889354274,93.0
front,240.37724162259138,279.0
guy,338.0226017459563,665.0
bend,0.32211807780056406,4.0
yay,12.8234777415322,7.0
pole,1.4437403034399412,3.0
bump,1.4437403034399412,3.0
sandy,0.6546270613366303,4.0
sleeping,1.4437403034399412,3.0
completely,1.7553633040685956,4.0
classes,1.0118179965936431,3.0
breeding,4.509653089207897,4.0
these,3.9541386298726757,11.0
fries,0.5736301369863014,1
pretending,1.4437403034399412,3.0
garbage,0.050248949543948346,2.0
sorry,1.1437942570189008,3.0
dark,15.389219546076017,15.0
body,2.421081036371982,8.0
room,60.520446072756044,81.0
mailman,0.0033499299695965564,2.0
stop,6.822772735923933,6.0
break,10.867362671269653,14.0
isnt,14.470205508760866,18.0
nights,1.4437403034399412,3.0
Almost,0.42602713515558477,4.0
1516,1.3437582879662613,3.0
how,912.9079676281259,1363.0
handle,13.067535765848337,7.0
classmate,8.297337477615839,7.0
Damn,0.25794460765893484,2.0
wondering,0.49876347530409926,4.0
Granted,4.515187818791396,3.0
grab,0.9767451391371943,8.0
best,316.9810532120131,415.0
depth,0.25794460765893484,2.0
single,1.0118179965936431,3.0
secondary,0.9767451391371943,8.0
sooo,1.4437403034399412,3.0
Nearly,0.24418628478429857,4.0
own,40.524521342098694,31.0
sift,1.678131276283584,4.0
one,333.2390897686091,618.0
was,3578.996289742697,5308.0
slammed,1.678131276283584,4.0
wine,1.883661171524134,3.0
Water,0.24418628478429857,4.0
Louisiana,10.550668909822727,7.0
YOU,1.3437582879662613,3.0
Mnyx,3.4113863679619665,3.0
rounds,1.979643906378867,3.0
ready,26.135071531696674,14.0
flexible,1.1437942570189008,3.0
by,362.0401287323426,620.0
pipe,0.32211807780056406,4.0
color,0.8780315346499247,4.0
period,2.055630238138864,3.0
Husband,1.4437403034399412,3.0
describing,0.16414656851023127,2.0
who,430.2418336508033,456.0
head,1.1435555966893225,10.0
banned,1.3437582879662613,3.0
sit,3.4113863679619665,3.0
prawns,0.05393835616438356,1
blame,3.511368383435647,3.0
its,1.5116770650814753,9.0
dads,0.32211807780056406,4.0
Sebastian,1.1437942570189008,3.0
VEY,1.883661171524134,3.0
FalafelShwarma,0.3493150684931507,1
exist,5.635498066472807,7.0
175,2.675658226891782,4.0
attend,1.0118179965936431,3.0
She,267.20718673499584,507.0
ya,0.013399719878386226,2.0
practically,1.1437942570189008,3.0
OUThavent,1.8116741203830844,3.0
allergic,0.8780315346499247,4.0
meatloaf,0.04280821917808219,1
watched,1.678131276283584,4.0
shocked,12.8234777415322,7.0
wait,3.7335044457625304,7.0
attractive,6.414846112791318,3.0
melted,4.032760520990335,7.0
eels,0.42602713515558477,4.0
Suddenly,0.6546270613366303,4.0
Swedes,0.5736301369863014,1
three,5.08951764424555,7.0
running,0.42602713515558477,4.0
exercise,12.8234777415322,7.0
might,78.62999312114157,68.0
Consider,0.0033499299695965564,2.0
knife,0.24938173765204963,4.0
roller,1.3437582879662613,3.0
smell,13.067535765848337,7.0
filthy,0.12729733884466915,2.0
opened,3.412221346522737,10.0
recall,0.32211807780056406,4.0
friends,5.394380204310431,8.0
least,0.06506849315068493,1
kids,1.497678659604325,4.0
had,3420.0342646181866,4474.0
especially,2.000249354084148,8.0
narcd,1.1793678009794846,4.0
Hope,0.0033499299695965564,2.0
cool,0.49876347530409926,4.0
typhoons,13.067535765848337,7.0
dorsal,0.48837256956859715,4.0
laughing,3.4113863679619665,3.0
black,1.854776673787119,12.0
CHOSE,13.067535765848337,7.0
asked,34.59085949330503,153.0
communicating,0.5247407396428544,4.0
silt,0.32211807780056406,4.0
Follow,1.3437582879662613,3.0
sitting,1.4437403034399412,3.0
Because,6.414846112791318,3.0
street,43.51276875153956,35.0
punished,13.067535765848337,7.0
sense,0.4610635726109029,3.0
thoughts,0.0535988795135449,10.0
fail,13.067535765848337,7.0
sailboat,1.1274132723019743,4.0
makes,6.596081807800371,6.0
hope,0.25794460765893484,2.0
Dodged,1.1437942570189008,3.0
youve,1.2676904997312521,4.0
noticeso,1.8116741203830844,3.0
thought,216.67502991492907,414.0
sinking,0.6546270613366303,4.0
horns,0.0033499299695965564,2.0
imagine,13.0747087349586,12.0
choked,14.36125590808594,15.0
give,14.375769232050809,26.0
conveniently,1.979643906378867,3.0
sides,0.06506849315068493,1
research,2.055630238138864,3.0
outfits,0.32211807780056406,4.0
nested,13.067535765848337,7.0
memeshttpsimgflipcomi1fb5sr,0.013399719878386226,2.0
recreational,0.32211807780056406,4.0
cocoa,3.4113863679619665,3.0
subconsciously,0.0033499299695965564,2.0
Mexico,1.2671232876712328,2
adult,4.009945936248183,7.0
everyones,12.8234777415322,7.0
themselves,14.62633486560789,12.0
dalites,0.07363013698630137,1
captain,0.8780315346499247,4.0
ones,8.426567859476888,12.0
system,25.891013507380535,14.0
Scotland,0.07876712328767123,1
security,13.067535765848337,7.0
air,4.8373058965919595,7.0
decompression,2.675658226891782,4.0
microwave,8.06552104198067,14.0
talk,1.2815777559304018,4.0
care,12.949700412116133,9.0
52,12.25951542636481,7.0
tramway,10.2341591038859,9.0
skating,5.375033151865045,12.0
Oh,18.87728303369913,7.0
earlier,0.32211807780056406,4.0
taking,0.5381404595212407,6.0
understand,8.342509620784686,10.0
mega,1.1437942570189008,3.0
hasnt,0.0033499299695965564,2.0
rhymes,13.120704270062342,7.0
come,65.6237853602922,54.0
include,13.067535765848337,7.0
aptly,8.334679519241146,10.0
slamming,1.979643906378867,3.0
unlikely,0.24418628478429857,4.0
hand,2.3017619841794312,7.0
truly,12.8234777415322,7.0
Dad,0.32211807780056406,4.0
fact,21.029088801412833,31.0
sobbing,1.979643906378867,3.0
dancing,1.4437403034399412,3.0
missing,4.509653089207897,4.0
nondivers,0.8780315346499247,4.0
This,522.2632345565357,1009.0
just,553.7928981298959,1587.0
piled,13.067535765848337,7.0
Zuckerberg,12.8234777415322,7.0
event,2.0236359931872863,6.0
american,0.09246575342465753,1
Im,28.28369384429375,112.0
boyfriends,3.511368383435647,3.0
careful,0.49876347530409926,4.0
half,75.58189471879449,149.0
mile,1.4437403034399412,3.0
corridor,1.0118179965936431,3.0
16,1.3437582879662613,3.0
As,13.067535765848337,7.0
always,12.873688525304043,22.0
stations,0.0033499299695965564,2.0
underwater,5.486398228345092,12.0
fate,0.32211807780056406,4.0
played,1.4437403034399412,3.0
drunk,9.64584487129072,13.0
typical,13.067535765848337,7.0
httpmimgurcomxFANhcG,0.32211807780056406,4.0
month,0.6442361556011281,8.0
hands,32.72685969162296,28.0
him,24.080460796829655,68.0
having,205.88392442485826,397.0
glint,4.509653089207897,4.0
current,1.9356602857270346,6.0
diving,0.9663542334016922,12.0
west,12.8234777415322,7.0
floozy,1.4437403034399412,3.0
excuse,3.4113863679619665,3.0
laundry,26.135071531696674,14.0
hospital,6.822772735923933,6.0
college,48.83542429093253,41.0
high,14.08164583311694,23.0
random,26.135071531696674,14.0
pressing,0.6546270613366303,4.0
pay,64.11738870766101,35.0
30,16.16682971764157,20.0
seen,60.98766914643819,86.0
everyday,0.05393835616438356,1
blow,13.067535765848337,7.0
bumping,0.49876347530409926,4.0
piercing,0.0033499299695965564,2.0
else,1.496459255481648,6.0
fried,0.07876712328767123,1
