Word: ,Strength: 
food,0.6930719630478719
lake,0.37499009978343034
FLthousands,0.21950788366248117
burnt,1.8667908236926196
famous,0.045376712328767124
Alright,1.8667908236926196
takes,1.4076355444181279
here,104.64823518525738
messed,0.30263512954649774
bot,819.5962628524417
httpiimgurcom9bWXjfJgifv,131.59953003044035
alley,2208.74132511125
video,177.86887750087658
passage,0.08052951945014102
couldnt,0.41815036812632084
fuzzy,2005.8200398803592
not,338.31164479974194
trucks,1.8667908236926196
exwife,0.4812467678133137
heartache,0.3812647523396336
surfacing,0.0844261091009543
durable,2208.7413251112494
trees,1104.3706625556247
Denis,1.1371287893206554
free,1.8667908236926196
boyfriend,1.1371287893206554
man,9.594499839218242
awesome,71.27995959402377
bends,1.1274132723019743
upstate,2208.7413251112494
scapegoat,1.8667908236926196
childhood,0.0016749649847982782
house,0.8411513021522103
transportation,2.6967547190998755
MY,1.086471234813991
330pm,2.6967547190998755
leading,1.8667908236926196
anticipation,0.3812647523396336
except,0.3812647523396336
theyd,1.8667908236926196
text,1.1371287893206554
meat,0.8789994338992765
imagined,0.0016749649847982782
to,2.7885564734524677
more,1.6316161015824249
BCD,0.16365676533415754
murky,0.10650678378889619
In,1008.4096730769428
chain,0.12897230382946742
said,668.0540303128226
forget,0.5476409230337443
horrible,0.11300109987358498
fed,22.73468709669655
fly,1.4089796039890634
posts,33.20371533556536
Tom,0.4812467678133137
falling,2005.8200398803592
Laundry,1.8667908236926196
practice,0.3812647523396336
burning,1.221449734774191
eaten,1.8667908236926196
certain,0.4479194293220871
source,1.8667908236926196
disgusting,1.8667908236926196
dating,1.1371287893206554
visually,0.06364866942233458
med,1.843547202329178
ready,1.8667908236926196
crappy,0.04537671232876712
afraid,4.94441743644168
tells,0.2294288373976995
nor,0.045376712328767124
orca,0.419532819070896
cave,0.08052951945014102
taken,0.8664685608567482
Helio,172.7826086956522
almost,23.80482073095398
laundromat,909.3874838678621
strangle,0.12469086882602481
between,521.1661462327897
now,146.02211088571084
exclusive,0.3812647523396336
appropriate,1987.0
He,0.8206081029803074
instinct,0.08052951945014102
call,1.1509352495514713
ought,1.8667908236926196
murk,0.061046571196074643
edge,0.12209314239214929
distinction,0.5728494194640261
exchanged,0.8681557289006008
rig,0.08052951945014102
Norwegians,0.2611301369863014
continuing,1.8667908236926196
19,0.08052951945014102
strips,22.73468709669655
HOUR,2.6967547190998755
on,1.7170346866880348
rmildlyreposting,234.17036081498338
noticed,0.09438406043081043
slept,0.3812647523396336
structure,0.001674964984798278
Vicks,1.492361722184426
in,5.182655166738834
butter,1.1498508871137432
phonehttpsyoutubeqn0QBXMYXsM,1987.0
button,102.09894741635543
eyes,0.8632132469723119
lovely,0.12209314239214929
where,110.79868381865631
Certification,0.061046571196074643
micro,0.5761086458557622
personally,0.031938561131418026
billion,606.2583225785748
Hummus,1639.1925257048833
dusted,1.8667908236926196
figure,0.6758983521472351
8th,1.7513593466235444
Scotland,0.07876712328767123
boning,0.3812647523396336
January,1.1504597247171462
Bahamas,1.1274132723019743
informing,0.4479194293220871
moving,0.8968374524883046
shit,1230.374231422043
truth,0.3372726655312144
feet,0.061046571196074643
apartment,0.6492165538090965
education,1.8319253916474572
Ill,0.577077621424482
need,0.4902122782542209
Walked,0.6598813021262889
cedar,1002.9100199401796
doors,1.2258654486554277
please,819.5962628524417
started,0.8640340943559176
surprise,0.731778173797901
chum,0.12209314239214929
ran,0.7671953320680389
stupid,0.7339197624270186
hed,0.779483837165631
pizza,10.75863150279538
establishing,0.3812647523396336
reasonable,0.4479194293220871
parts,80.0060775737151
this,3.4860496933671694
Came,1.5050626062637986
out,548.5648043576283
thst,0.8681557289006008
far,1.1675334687706636
ill,0.7909386748834117
school,389.2191286101137
reacted,0.3544802418480246
penis,167.15166999002992
wrote,0.6365147570212395
hears,0.015074684863184504
Funny,1.1704561278118824
stores,1.1371287893206554
id,0.09246575342465753
helio,283.8571428571429
majority,1110.6200150292862
driving,0.3873472575958848
shouted,0.4479194293220871
quality,44.197179386379894
70,0.6247532073470617
want,1.693029677274651
dispelled,0.419532819070896
Turned,0.2818533180754936
Similar,0.4388408260171489
Attention,67.36203584206386
while,15.475360602594549
fire,0.6820995277871068
perhaps,0.08260510143132355
cigarette,-2208.7413251112494
expensive,1.8319253916474572
spare,0.3372726655312144
barbecued,0.05393835616438356
accidental,0.08052951945014102
raising,1.8319253916474572
dank,0.006699859939193113
tell,1.9031986774236829
served,0.07363013698630137
skid,1.8667908236926196
wiping,1.8667908236926196
trained,0.08052951945014102
delicacy,0.07363013698630137
grabbed,0.5614117686340657
speared,0.16365676533415757
Wait,1.8319253916474572
10,0.5743045849876627
follow,819.5962628524417
appropriately,0.4479194293220871
dangerous,0.5761086458557622
Start,1.1274132723019743
born,0.6598813021262889
posted,0.08052951945014102
poor,1.7158123628097453
ascending,0.16365676533415757
D,2208.7413251112494
barracks,1.8667908236926196
clearly,499.24593003080497
plus,1.7513593466235444
health,0.3812647523396336
wearing,0.16365676533415757
Hole,0.29484195024487114
ball,0.4812467678133137
removed,1.6770316728785282
beer,0.791095890410959
radius,1.8667908236926196
choices,1.8319253916474572
Pensacola,0.21950788366248117
forceful,1.8667908236926196
women,0.5728494194640261
63,0.0016749649847982782
spearfishing,0.16365676533415757
bleep,819.5962628524417
Wars,0.0016749649847982782
regulator,0.06234543441301241
Cloths,1.8667908236926196
tour,1104.3706625556247
bite,0.12209314239214929
mouths,0.061046571196074643
instead,0.4111171828207599
Ever,0.7227465533254863
fuckup,0.08052951945014102
pulled,0.41705919685551535
barefoot,0.4479194293220871
meal,0.05393835616438356
silver,47.30952380952381
wave,1.8667908236926196
talking,0.3812647523396336
culture,0.07363013698630137
known,45.50875946646363
chair,1.8667908236926196
shadow,0.419532819070896
Seffner,909.3874838678621
Catalina,0.419532819070896
gotten,0.7028598499349793
invented,0.0016749649847982782
anyway,0.8967521978130537
ended,0.4919815548987047
Mine,0.419532819070896
Language,0.0016749649847982782
redpink,0.21950788366248117
pieces,606.2583225785748
gone,0.3812647523396336
proved,2208.7413251112494
Nicolson,55.21853312778122
LG,397.40000000000003
obviously,0.8705100813908419
Trash,1.8667908236926196
screamed,1.1504597247171462
wanted,1.0526392704776255
examining,0.3812647523396336
phallic,2005.8200398803592
Since,0.08052951945014102
retail,0.8681557289006008
Meatloaf,0.04280821917808219
First,22.67846309259927
coat,0.4479194293220871
volume,0.08052951945014102
trying,0.5355078035147783
harmless,0.061046571196074643
mechanical,1.1853339253736912
forcing,1.8667908236926196
finishing,0.3039782080440618
ithttpsnpredditcomrshitpostcomments5gdjrncarrotwithhummusonit,819.5962628524417
idea,1120.8741010530305
parents,0.9606079469278536
cards,1.8319253916474572
jagged,0.12209314239214929
Korean,993.5
view,1.4437210351695162
Mince,0.05393835616438356
footerIf,819.5962628524417
God,0.08052951945014102
seemed,0.9335851143297308
Happened,1.1504597247171462
uni,0.05393835616438356
throw,1.8667908236926196
plates,494.0347081689994
pestilence,1.8667908236926196
internet,0.3231034927369516
keeping,0.3812647523396336
Happy,0.4479194293220871
map,1.4208083693012763
bloop,819.5962628524417
familiar,0.30263512954649774
distances,2.6967547190998755
celsius,1.1504597247171462
signing,0.2202578955009736
sorts,1.8667908236926196
baby,0.0016749649847982782
Dal,0.07363013698630137
benefits,1.8667908236926196
red,0.21950788366248117
Learned,0.061046571196074643
cock,67.74009127524246
Inspection,1.8667908236926196
oriented,0.08052951945014102
Have,2208.7413251112494
Great,0.419532819070896
other,1.8375647915591515
IKEA,0.5736301369863014
Look,2005.8200398803592
matter,1.1957373402213418
installed,0.08052951945014102
told,0.4237738449875363
moved,0.6598813021262889
extra,0.8693785916952766
below,0.3288231405970616
ContactmessagecomposetorTotesMessenger,819.5962628524417
previous,0.08052951945014102
involved,0.3812647523396336
children,0.6790765004031901
sailor,0.30263512954649774
TX,2.6967547190998755
vision,0.12209314239214929
definitely,0.323345469736243
phallus,2005.8200398803592
against,2742.905301596592
didnt,0.23005504496041546
military,1.8667908236926196
questions,0.0016749649847982782
Spartakicked,0.4479194293220871
thing,8.911406599053759
fucking,0.6922238894392843
think,6.233494146266604
bill,1.8319253916474572
honestly,1.8319253916474572
Name,0.6365147570212395
unless,0.02280614104009383
watch,0.42949077040075206
Also,0.703613648674968
through,544.7039323995258
panicked,0.5761086458557622
feeling,0.13433369071025558
state,2.6967547190998755
couple,446.3850173986659
know,17.619903145194996
bit,53.95672563137304
within,0.3372726655312144
loose,1292.065348017288
spaghetti,0.06506849315068493
shed,0.4812467678133137
we,1.2328542094654382
too,18.51037336321949
lmao,1987.0
portly,2005.8200398803592
kite,0.9860338163306694
200,0.08052951945014102
rocky,0.6689145567229455
stapler,1.6089980818315408
idiot,0.08052951945014102
bunch,0.16365676533415757
Eventually,1.8667908236926196
letting,0.8681557289006008
dude,0.9931546870385562
dropping,0.5761086458557622
American,0.06364866942233458
Monk,0.16365676533415757
Studies,1.7513593466235444
vegetables,1.1610349740363304
successful,4722.911901183814
into,0.5119976158453563
sun,0.08052951945014102
exist,0.8050711523532581
mistake,0.08052951945014102
prison,0.4812467678133137
face,0.26700952307185577
insecure,1.1704561278118824
lying,0.6852100793796213
Scottish,0.05393835616438356
inconsiderate,0.3812647523396336
slam,1.6089980818315408
Now,6.715531212635904
giggles,0.3812647523396336
replace,0.5761086458557622
each,0.4825798613529628
urge,0.29484195024487114
havana,1104.3706625556247
recovery,0.30263512954649774
handling,0.30263512954649774
austrian,0.045376712328767124
flag,0.12469086882602481
anymore,1.0154614620616522
made,163.20998227116536
troop,1.8667908236926196
software,27.985915492957748
GF,0.3812647523396336
returned,606.2583225785748
silty,0.08052951945014102
Same,893.0752711419088
facebook,0.6365147570212395
naturally,0.359268708935424
dumbfounded,0.6278870571747114
Narcosis,0.6689145567229455
innocent,1.8667908236926196
thats,56.29620018737443
been,235.11011494192556
correctly,0.08052951945014102
Turns,0.11235166826511611
Getting,0.10650678378889619
ours,42.440905251636124
Arbys,22.73468709669655
Down,0.061046571196074643
underneath,0.16365676533415757
figured,0.9131079874427138
newer,27.985915492957748
woke,0.4812467678133137
guide,1104.3706625556247
uh,0.6278870571747114
Guacamole,1639.1925257048833
reddit,819.5962628524417
Russia,819.5962628524417
5th,1.1371287893206554
curious,0.008374824923991392
theres,215.55122508045844
choppy,0.16365676533415757
choose,1.8319253916474572
land,606.2583225785748
visibility,0.07078804532310783
semester,0.3372726655312144
doing,0.42960949570745344
debate,0.4812467678133137
top,1.1704561278118824
grayish,1.8667908236926196
eventually,0.16365676533415757
Cleveland,368.12355418520826
WHY,1.8667908236926196
Instructor,0.061046571196074643
Literally,0.08052951945014102
day,0.17110835452189813
favorite,0.0016749649847982782
knowing,0.23316668951249975
smacking,0.12469086882602481
under,700.0000985518369
terrible,0.08052951945014102
dump,1.2446329631983677
straight,0.4845304457829854
fast,1.8667908236926196
boxes,1.8667908236926196
put,494.74518259897684
We,26.603711066665145
core,0.07363013698630137
English,0.0016749649847982782
substitute,2208.7413251112494
uses,1.0736842853653252
access,1.8319253916474572
Bathrooms,1.8667908236926196
shining,0.07363013698630137
paddle,0.061046571196074643
interesting,0.12897230382946742
even,121.4629714169618
breast,0.5736301369863014
tiny,1341.4485747624603
plain,1.1371287893206554
pictures,0.1311851849107136
that,134.67663272128866
interested,0.23836214238025072
eye,0.08052951945014102
whatever,1.467469325448189
ASL,0.006699859939193113
street,1.2432219643297018
thanks,0.08052951945014102
days,1.1209746342105622
comes,0.737200727425935
living,1.3876070896442225
settingsI,0.08052951945014102
Kaiserschmarrn,0.045376712328767124
directly,0.1779442607204729
hardwoods,2208.7413251112494
shoes,0.4479194293220871
submerged,0.8576732204667248
enter,1.8667908236926196
block,0.3372726655312144
2003,331.1666666666667
walked,0.6415063997603921
gladly,1.1371287893206554
table,0.3812647523396336
talked,0.5332374158596275
plastic,0.5761086458557622
Between,1.1371287893206554
Force,1.8667908236926196
aphasia,0.013399719878386226
answer,0.7591967708301447
alarm,0.4479194293220871
standing,1.810341026843435
Island,0.419532819070896
instantly,662.3333333333334
already,0.6450957311400382
mom,0.24125629911315527
explanation,184.06177709260413
crawling,0.08052951945014102
Caught,0.7638625982189162
mid,0.419532819070896
The,150.2272857521581
order,1.6818009687220004
Her,0.4812467678133137
drown,0.08052951945014102
bottom,0.16365676533415757
thorough,184.06177709260413
redhanded,1.810341026843435
countries,993.5
laid,1.1704561278118824
car,0.5591131128446775
pencil,1.1853339253736912
His,1.8667908236926196
dorm,0.4968738625647188
crying,0.3372726655312144
heavy,0.6689145567229455
incident,0.4812467678133137
they,451.1811844230284
crazy,606.2583225785748
Mexicans,0.6335616438356164
new,2124.541913503881
drift,0.12209314239214929
able,0.5519820888614508
washing,1.8667908236926196
Sebastian,0.3812647523396336
mentally,1.8319253916474572
hop,0.0016749649847982782
dead,0.3865448562900421
likely,0.3812647523396336
babysack,1002.9100199401796
effort,0.4812467678133137
dont,43.69843048370954
someones,1665.930022543929
paddlefish,0.061046571196074643
People,0.9357019311266399
shake,0.30263512954649774
enough,0.3749995509647643
IIRC,993.5
another,9.242093643734778
CALL,110.38888888888889
warehouse,2.6967547190998755
telephone,0.4812467678133137
recover,1.1274132723019743
makers,0.1780821917808219
Told,0.3812647523396336
You,322.97581539797284
safely,1.5050626062637986
faint,0.21431293802317716
pressure,0.08052951945014102
wants,0.3812647523396336
Miami,454.69374193393105
bumping,0.12469086882602481
worked,14.452978494921402
off,3903.3515720745304
those,24.535106596189195
Signs,2208.7413251112494
yall,0.07363013698630137
apart,2.6967547190998755
multiple,2.6967547190998755
theyre,37.009991852505756
twice,0.3236628424234946
from,2.1293975621243133
kitchen,1.1704561278118824
HELL,0.6038913734610282
profoundly,0.015074684863184504
complained,0.8681557289006008
sacktoshaft,1002.9100199401796
extremely,0.21950788366248117
sunlight,0.08052951945014102
aka,0.013399719878386226
answers,0.8229049578742279
songs,0.0016749649847982782
example,1.005355337862809
shrimp,0.05393835616438356
glad,0.7591967708301447
calls,0.8579684428065496
smoked,1.8667908236926196
squeamish,1.8667908236926196
soundtracks,0.0016749649847982782
expect,5.012410945427912
On,0.715024200924236
globe,1.7513593466235444
pocket,2005.8200398803592
portion,0.622856689453612
since,0.18155510099817948
hit,1.845423834536083
fun,0.7893209872626304
inflated,0.12404143721755592
Hawaii,1.7513593466235444
useful,1987.0
doctor,0.3812647523396336
8pm,0.3372726655312144
50s,0.5761086458557622
sailors,0.30263512954649774
mars,0.07876712328767123
socially,2005.8200398803592
adjectives,0.0016749649847982782
shallow,0.16365676533415757
Once,0.2809670622785726
fully,0.14858733381820044
seems,1.1371287893206554
air,0.691043699513137
closed,191.24746552901087
A,35.68241140045867
odor,1.8667908236926196
card,0.5905273335177142
Phillippines,0.12469086882602481
mentioned,0.30056195593429036
couldve,0.08052951945014102
primary,0.08052951945014102
faced,1.8667908236926196
Nout,0.05393835616438356
ithink,-441.74826502224977
churned,0.08052951945014102
neither,0.045376712328767124
admit,0.3812647523396336
Something,0.12209314239214929
morning,1044.1758102450576
gross,0.09246575342465753
explaining,0.5728494194640261
assumption,0.0016749649847982782
crystal,0.16365676533415757
asleep,0.4812467678133137
lot,13.999508045247422
penetrated,1.8667908236926196
given,1097.5343142292757
moment,0.08052951945014102
surrounding,1.1274132723019743
done,5.0941128333739165
heads,0.4388408260171489
natural,1.8667908236926196
walking,0.3649343564789325
monologue,0.12897230382946742
love,600.0877969920745
really,446.12060493616144
wife,0.48124676781331377
Two,0.419532819070896
among,1.8667908236926196
old,691.7457888454074
happens,0.4615365356071315
THAT,2.6967547190998755
pretty,2085.8098880188695
panic,0.08052951945014102
woody,2005.8200398803592
Minecraft,736.2471083704165
coworker,1.507238415688961
tsos,0.09246575342465753
night,0.4635488768716227
Wings,165.34317888506584
refused,0.12209314239214929
Cradle,501.4550099700898
unhealthy,1.8319253916474572
buddy,0.08052951945014102
stared,0.6278870571747114
bodies,0.30263512954649774
still,29.015251783641247
Edit,0.14957530342441352
descent,0.08052951945014102
my,1.741639519326674
sealevel,1.1274132723019743
knock,1.1490461370867813
words,0.0016749649847982782
vibration,0.033499299695965566
proof,1.8667908236926196
replies,1.1704561278118824
be,132.4072817459239
lady,0.8681557289006008
grandchildren,0.0016749649847982782
followed,0.22049343749741107
prospered,1.8667908236926196
society,1.1238921127360402
sucking,1.5050626062637986
totally,2005.8200398803592
Pizza,218.2529961282869
pool,0.4812467678133137
vis,0.08052951945014102
coverage,993.5
anyone,211.3764110323464
fish,606.2583225785748
piss,0.6598813021262889
searching,1.1274132723019743
Social,1.7513593466235444
mother,0.05393835616438356
why,1.2080051299102081
Deaf,0.06364866942233458
road,552.1853312778123
FUCKING,1.1202556647157158
count,1.7513593466235444
Divorced,0.4812467678133137
circling,1.1274132723019743
refuse,1.8667908236926196
foods,0.04280821917808219
70s,0.419532819070896
lives,0.523631069432939
protein,0.9083532089311261
sucks,0.06506849315068493
Its,2931.8846692738853
maple,0.7696917808219178
struck,1.1274132723019743
floor,213.95284928288794
awkwardly,0.12209314239214929
contributed,1.8319253916474572
exgirlfriend,0.3372726655312144
speech,0.013399719878386226
Cozumel,0.12663916365143144
any,1.7841561877797292
WTF,0.8681557289006008
then,-1028.7128858409808
contemplate,0.08052951945014102
also,285.77032783954576
cockroaches,1.8667908236926196
leader,0.08052951945014102
zero,0.08052951945014102
week,0.32133324549031855
backyard,125.4327563955672
overcome,0.6598813021262889
believe,4.765461662933547
pube,1.8667908236926196
jewelry,0.419532819070896
therefore,0.0016749649847982782
vulva,0.5728494194640261
minute,0.4825798613529628
nostrils,1.8667908236926196
T610i,331.1666666666667
did,160.66812268713173
tourist,0.3493150684931507
whose,1.8319253916474572
amount,0.43658551539670654
force,0.8186608871960119
when,19.01073767756921
1880s,2208.7413251112494
experiences,0.08052951945014102
but,32.32524444205349
PHONE,110.38888888888889
yet,0.0016749649847982782
flippers,0.12469086882602481
Hed,0.3812647523396336
6,0.6598813021262889
memorable,0.08052951945014102
5,0.061046571196074643
inspection,1.8667908236926196
open,0.47948090217918116
may,0.015074684863184504
CANT,1.1202556647157158
Sgt,1.8667908236926196
sold,0.5761086458557622
Will,1.8667908236926196
trash,1.8667908236926196
Cut,0.3812647523396336
pushed,0.20540644739274685
peanut,1.1498508871137432
lay,1.216552526249502
uncanny,1639.1925257048833
Yeah,1.8667908236926196
thrown,1.388869955904387
kicking,0.4479194293220871
average,0.08052951945014102
holy,2005.8200398803592
Done,44.197179386379894
dozen,0.6278870571747114
Trump,33.20371533556536
alone,0.2679574451846862
paddled,0.16365676533415757
sees,0.4388408260171489
inner,0.1942959382366003
Descended,1.1274132723019743
SD,0.5761086458557622
plant,2208.7413251112494
used,2159.0503968445137
moon,0.21950788366248117
dads,0.08052951945014102
lots,1.1704561278118824
yes,0.8050711523532581
trust,0.3372726655312144
swear,0.6365147570212395
about,180.67560528337094
insisting,1.7513593466235444
picked,1.8667908236926196
afterwards,0.061046571196074643
worst,0.9867364151792359
phones,29.862466416923464
bitch,0.6598813021262889
wanting,427.2227712351669
until,127.50748934369538
birth,0.3812647523396336
indeed,0.8050711523532581
vents,1.8667908236926196
barrel,1.1853339253736912
emotions,0.013399719878386226
sometimes,0.7712737148411661
way,314.62877651903403
Lutefisk,0.2611301369863014
century,0.0016749649847982782
pre,220.77777777777777
youll,0.08052951945014102
close,0.09351815161951862
riddance,0.6598813021262889
heading,0.08052951945014102
steroids,668.6066799601197
dressed,0.3372726655312144
keep,347.86938620477105
equipment,0.08052951945014102
seal,0.12469086882602481
Actually,0.045376712328767124
crush,0.3812647523396336
can,2.0528425065713307
shook,0.30263512954649774
Imagine,1104.3706625556247
it,5.601920886340182
cliff,0.6689145567229455
along,0.08052951945014102
americans,0.09246575342465753
chicago,2208.7413251112494
sort,857.7577328141372
panicking,1.1371287893206554
dinner,0.07363013698630137
so,279.6227279094764
Yet,0.0016749649847982782
wikipedia,0.045376712328767124
cancelled,1.1371287893206554
wake,0.4812467678133137
surrounded,1.8319253916474572
forces,1.8667908236926196
lost,0.3890192131065389
Friend,1.5050626062637986
tested,0.3812647523396336
halfway,1.1274132723019743
form,0.006699859939193113
nearly,0.6292992286063439
ringing,0.5761086458557622
contained,1.1498508871137432
Hawaiian,0.16365676533415757
okay,0.7230087748226571
Spent,1.1274132723019743
pitching,2005.8200398803592
all,3.1235812548314557
times,1.4365634310803337
ALWAYS,1.8667908236926196
seem,0.16952493227366608
sea,0.12469086882602481
gaping,0.061046571196074643
market,1104.3706625556247
freak,0.3812647523396336
tikka,0.06506849315068493
explain,1.7926535616974102
mash,0.23715753424657535
master,0.9352842871754589
boatequipmentetc,0.08052951945014102
experience,0.37778223082152496
HIT,1.8667908236926196
crumbled,2208.7413251112494
realized,0.6192195521261208
ladies,0.6598813021262889
Hey,0.6335616438356164
tramway,1.1371287893206556
left,0.5904951439080758
chill,909.3874838678621
Bangers,0.23715753424657535
sifting,0.419532819070896
clenched,0.3372726655312144
only,322.8410885599559
blearily,0.4812467678133137
service,1.7824552240002378
nope,0.29484195024487114
see,18.36094413720647
11,0.4479194293220871
sharks,0.16365676533415757
following,0.35158619726942697
SÃºrmaturhttpswwwdvismediacache651d651dbc85ca302c3fabd02e6e6c796d35jpg,0.05736301369863014
Careful,0.419532819070896
playing,0.3812647523396336
Fuck,1.1704561278118824
subtle,606.2583225785748
sharing,0.6278870571747114
require,1.8667908236926196
endgrain,-441.74826502224977
play,0.4812467678133137
boat,0.38900953347285866
woman,0.5744696628955965
skin,1639.1925257048833
saying,1550.8885273806236
Lots,1.08955906124655
handful,0.08052951945014102
rest,0.12209314239214929
Healthy,1639.1925257048833
scent,1.8667908236926196
am,0.22263685698112812
Seal,0.16365676533415757
delicious,1639.1925257048833
godamn,0.4812467678133137
drop,0.08052951945014102
heroinmeth,0.6598813021262889
over,1.2067198355143307
factory,315.5344750158927
Unsurprisingly,1.507238415688961
little,86.6675179334166
nobody,1.8667908236926196
liked,0.4479194293220871
maybe,316.7936182845069
Or,0.0016749649847982782
100,0.10650678378889619
relayed,0.4812467678133137
lifestyles,1.8319253916474572
Heh,0.1311851849107136
after,0.326788319535126
Belize,0.29484195024487114
family,1.5186990260962425
meet,1.1454606239434624
signal,0.08052951945014102
heart,0.3812647523396336
bar,0.5197249567180903
56,0.16365676533415757
parking,10.940994682532265
Tatties,0.05393835616438356
oceans,1.4208083693012763
pretending,0.4812467678133137
masala,0.06506849315068493
healthy,1.8667908236926196
bad,112.68136310958828
mantle,0.4812467678133137
yeah,1.8667908236926196
Theres,184.06177709260413
there,38.42280603672348
Few,1.1371287893206554
send,0.6365147570212395
Dat,0.04280821917808219
which,0.4949808051150141
vagina,0.5728494194640261
upperclass,1.8319253916474572
deliberately,0.0016749649847982782
states,1.7513593466235444
during,0.3610839743086969
Shop,2208.7413251112494
inflate,0.16365676533415757
shape,0.006699859939193113
often,2.6967547190998755
married,0.7120560291640319
Anyway,0.4479194293220871
faster,0.0016749649847982782
passing,1.1274132723019743
policy,0.8681557289006008
twisting,0.06234543441301241
wrong,0.9131079874427138
dorms,1.8667908236926196
grouper,0.12209314239214929
got,30.034535759996732
Chuck,0.05393835616438356
Explaining,1.1202556647157158
wide,0.061046571196074643
forgot,1.810341026843435
students,0.08052951945014102
taught,0.30263512954649774
humblebrag,0.045376712328767124
refer,0.4812467678133137
what,22.806964964164706
wont,1.1371287893206554
pit,0.29484195024487114
beside,1104.3706625556247
internal,0.4812467678133137
carelessly,1.8667908236926196
guys,0.22564938246383964
paved,2208.7413251112494
swam,0.13990612365300997
cheesy,1.1371287893206554
gravity,0.8050711523532581
circles,47.30952380952381
leaves,0.7531978499017238
cuisine,0.045376712328767124
enormous,0.29484195024487114
actual,0.5360114800011813
supervised,0.08052951945014102
stereotypically,0.05393835616438356
individuals,1.8319253916474572
bring,0.30263512954649774
throughout,606.2583225785748
How,1.3240173877476429
teeth,0.1311851849107136
summer,22.73468709669655
failed,1.8667908236926196
happening,0.3812647523396336
horrified,1.8667908236926196
vertebrae,606.2583225785748
apex,0.12209314239214929
homeless,1.8319253916474572
well,183.6289983873564
life,0.755937549762523
Warehouse,2.6967547190998755
wealthy,1.8319253916474572
filmhttpswwwyoutubecomwatchvsnlWsFmkc,0.7638625982189162
loved,0.3812647523396336
bed,0.5982360209858456
due,0.38771067025592093
That,1441.4160176385926
Drivers,0.31692262493281304
Sorry,1.8667908236926196
gold,2208.7413251112494
very,237.18707956857503
turned,0.556438025126156
complains,1.8667908236926196
employees,67.36203584206386
From,2208.7413251112494
Dallas,2.6967547190998755
metal,1.8667908236926196
sickness,1.8667908236926196
smelling,1.8667908236926196
nails,1639.1925257048833
mostly,0.08052951945014102
beyond,0.06506849315068493
are,141.25543352837343
Stan,0.3812647523396336
bills,1.8319253916474572
trip,88.93443875043829
match,1639.1925257048833
fortified,2005.8200398803592
vast,606.2583225785748
Seeing,662.3333333333334
inspections,1.8667908236926194
Had,0.8691204064143794
stuck,0.8681557289006008
phalic,167.15166999002992
emhttpswwwyoutubecomwatchvMF5Qq9mhrrw,0.061046571196074643
carts,2208.7413251112494
involving,0.7696917808219178
crucial,0.08052951945014102
cuba,1104.3706625556247
technologically,0.5761086458557622
thread,7.773122137617194
nono,0.08052951945014102
decade,4046.2493170523485
golden,0.4812467678133137
committee,0.3372726655312144
veg,0.06506849315068493
care,1.438855601346237
curled,0.4812467678133137
stand,0.9717936315402096
pushing,122.68461627393522
eels,0.10650678378889619
pvc,0.08052951945014102
dense,1.1853339253736912
smartphone,993.5
Alipoo,0.6278870571747114
heaps,1.8667908236926196
drive,1.5629157808116156
adults,0.0016749649847982782
pet,0.3812647523396336
sent,0.3304691121999307
Brooklyn,0.6365147570212395
rent,1.8319253916474572
literally,0.16365676533415757
huge,357.44374773187144
suspicious,1.1371287893206554
next,29.317746737976357
never,0.8792367655433858
quite,15.032462466884738
Turkey,0.1780821917808219
respect,819.5962628524417
stay,0.4812467678133137
list,0.045376712328767124
large,4.7684268462448305
To,1.216552526249502
astounded,0.0016749649847982782
restaurants,0.07363013698630137
North,2208.7413251112494
dogs,0.08047945205479452
wings,496.0295366551975
staring,0.2818533180754936
httpwwwislandnetcomjarstreetscapestopicswaddingtonhtm,184.06177709260413
book,0.1876857348475061
live,1.8493581076700383
rapidly,0.16365676533415757
time,172.4851457686106
normally,47.30952380952381
processes,0.0016749649847982782
MORE,0.16365676533415757
dormitory,0.3372726655312144
naked,1.0475449034562383
Forgive,44.197179386379894
string,0.9860338163306694
french,0.5736301369863014
career,1.8667908236926196
STDs,0.3812647523396336
some,710.0401301179521
things,6.054116814930259
flight,1.8667908236926196
dry,0.8215737680019108
Scared,1.1274132723019743
Bell,0.6335616438356164
Take,0.061046571196074643
touch,0.419532819070896
as,29.472446899708654
South,993.5
weird,0.061046571196074643
picture,909.3874838678621
these,66.16416209862541
amazing,0.25968191671041496
20s,0.9129303658402904
victims,1.8319253916474572
25,0.08052951945014102
yards,0.6278870571747114
nowhere,0.4645830985677004
2,0.7630406703082703
girlfriends,1.1371287893206554
One,0.42762159337547634
charming,2.138282037597106
legs,0.5103219354988263
America,1.4640233924951187
upstairs,0.6598813021262889
listening,1.8667908236926196
zipped,0.3812647523396336
key,1.5046552287356778
human,0.3812647523396336
birthday,1.1704561278118824
Didnt,10.67004313942045
inch,0.12209314239214929
local,0.08052951945014102
eggs,1.1610349740363304
sky,0.16365676533415757
brilliant,0.4812467678133137
explained,0.933523601595642
TEN,2.6967547190998755
recall,0.08052951945014102
property,0.4479194293220871
has,2.969864931249945
Upvote,0.013399719878386226
partners,0.3812647523396336
gen,27.985915492957748
Undeterred,0.08052951945014102
slide,9.730137996084798
down,952.7426076954707
have,1.886660213931879
needs,0.3812647523396336
might,1.1563234282520818
sucked,1.5050626062637986
warehouses,2.6967547190998755
rifleand,0.6038913734610282
primarily,0.06364866942233458
early,0.4092597166722641
assaulted,1.8667908236926196
happened,0.40851567941481615
english,0.045376712328767124
cheat,0.3812647523396336
entered,0.08052951945014102
distance,0.419532819070896
immediately,0.42664013610967405
overhead,0.419532819070896
flooded,0.08052951945014102
Pretty,5.958913144862186
translating,0.0016749649847982782
word,2726.087678731975
us,0.5003707431479671
came,36.41299267622727
cover,1.8667908236926196
you,4.564572675300486
decked,0.4479194293220871
Pic,0.08052951945014102
20,107.78445070999548
building,1104.3706625556247
unmade,1.8667908236926196
response,0.08052951945014102
Thats,45.17973256336413
considered,0.05950342465753425
squeeze,0.06234543441301241
message,0.6365147570212395
our,21.847665611140087
aids,0.0016749649847982782
They,312.86898932038565
ass,0.4545848970203324
23,1.8319253916474572
ants,1.8667908236926196
assumed,0.08052951945014102
odd,0.5761086458557622
search,0.09246575342465753
proceeded,0.5761086458557622
hip,0.0016749649847982782
When,0.9401878875933279
Your,1.8704411429603893
the,41.265362454869084
screen,52.28947368421053
confused,0.932702635528614
grade,1.7513593466235444
their,650.9747847906102
Alaska,1.7513593466235444
escorted,0.4479194293220871
simple,1.050881284315829
sound,9.454442304542303
mile,0.4812467678133137
Another,0.1441738170800912
Kept,0.16365676533415757
he,760.0337862412771
actually,0.6625297931472127
infidelity,0.3812647523396336
species,606.2583225785748
removal,1.8667908236926196
hasty,2208.7413251112494
foot,0.5522727832082232
deflated,0.16365676533415757
few,967.3832610854827
scariest,0.22080674687941892
classic,0.06506849315068493
grandpas,0.30263512954649774
bothering,0.4812467678133137
latter,0.3372726655312144
losing,0.419532819070896
Kobe,1.6089980818315408
Boy,0.4812467678133137
1516,0.4479194293220871
Earth,606.2583225785748
crumpled,1.8667908236926196
job,0.6517676770870577
girlfriend,0.3925960474266507
samsung,27.985915492957748
stopped,0.47608174967662426
Most,0.22220327490591193
feels,0.4388408260171489
biggie,0.5761086458557622
mould,-441.74826502224977
is,3.1697037158499692
Wow,0.013399719878386226
initial,1.8667908236926196
conversation,1.8319253916474572
tunnel,0.08052951945014102
dove,0.08052951945014102
seconds,0.2695633055324204
class,0.5192403753725189
httpsimgurcomgalleryMvRkz,44.197179386379894
realised,8.601731601731602
using,668.6066799601197
Paris,2208.7413251112494
donation,1.8319253916474572
Welcome,909.3874838678621
signs,1.1274132723019743
stank,1.8667908236926196
wooden,2208.7413251112494
whether,0.4812467678133137
Mexico,3.2785766216179533
themselves,1.2188612388006574
mask,0.12404143721755592
hell,0.2943718647112964
kill,0.35409226508516806
charge,0.12469086882602481
picturesmovies,0.013399719878386226
edit,0.7227465533254863
anxious,0.29484195024487114
flavor,0.04280821917808219
stroke,501.4550099700898
true,2.2643400553736663
Tldr,1.1274132723019743
look,62.36577350464799
ãƒ„,0.045376712328767124
above,819.5962628524417
downbrigade,33.20371533556536
onto,0.419532819070896
different,1.0526175833860743
escaped,606.2583225785748
went,98.08635248685326
everything,0.7774273747648152
realizing,0.08052951945014102
lived,0.463678463394608
wed,0.08052951945014102
shows,1.1371287893206554
Diving,0.21214765876650055
every,269.94766333198424
his,0.5166809257519078
Locked,1.1504597247171462
till,0.08052951945014102
lucky,0.24113236974631996
led,0.08052951945014102
banana,2005.8200398803592
Grew,1.8319253916474572
frequently,283.8571428571429
throat,0.3372726655312144
anatomy,0.5728494194640261
compassion,0.6598813021262889
balls,629.7142210312704
fresh,273.73701931476853
rshitpost,819.5962628524417
late,0.4092597166722641
ideal,1.8319253916474572
lazy,0.3812647523396336
12,0.3673076536774165
lead,0.37752605848072485
type,1104.3706625556247
turning,0.21950788366248117
location,0.10650678378889619
Bali,0.16365676533415757
illness,1.8319253916474572
gave,0.19056229634202962
probably,0.5916081664717717
All,42.53641641050474
sign,0.09820542818110857
instances,0.015074684863184504
opportunity,1.8319253916474572
If,71.64262746631823
chickens,606.2583225785748
Wownever,8.601731601731602
anger,0.4479194293220871
warning,0.08052951945014102
grades,1.1238921127360402
say,716.1092031244931
them,300.03418883603945
reached,0.08052951945014102
combination,1639.1925257048833
introduce,1.1371287893206554
dad,0.08052951945014102
failsafe,0.08052951945014102
texture,0.06506849315068493
descending,1.1274132723019743
goals,1.8319253916474572
Joes,0.6278870571747114
saw,0.41627709210266023
syrup,0.7696917808219178
scary,0.06234543441301241
does,0.26293819043348254
most,131.0101682232874
cause,0.6313609137146926
populous,606.2583225785748
monogamous,0.3812647523396336
length,0.16365676533415757
jellyfish,0.21950788366248117
New,989.3381538639412
either,0.30448923411118456
Hot,0.08047945205479452
languages,1.8743863242946204
believed,1.46077605688703
horrors,1.8667908236926196
end,6.644834435539438
toilet,0.5761086458557622
girl,0.6308198629619393
watching,1.1371287893206554
paperwork,1.8667908236926196
lips,0.033499299695965566
post,363.7549935471448
earth,0.07363013698630137
deliveries,2.6967547190998755
Pasta,165.34317888506584
super,0.06234543441301241
confidently,0.08052951945014102
BC,15.539619674135727
beleive,0.0016749649847982782
up,115.15656823776457
Australian,485.3404367961116
bricks,2208.7413251112494
agree,0.5736301369863014
otherwise,48.82169137990121
describes,0.0016749649847982782
unlock,0.3372726655312144
honest,0.3812647523396336
last,0.4977280718255111
frantic,0.3812647523396336
rHailcorporate,606.2583225785748
again,0.3000035881781702
snouts,0.061046571196074643
GET,0.6038913734610282
plankton,0.061046571196074643
THE,0.6038913734610282
vet,0.38126475233963364
troops,1.8667908236926198
supervisors,1.8667908236926196
wood,16642.965790252198
trains,2208.7413251112494
area,0.7304861789338906
smelledodd,0.5761086458557622
unfazed,0.08052951945014102
Nothing,1.8667908236926196
coming,0.5405458006605796
65,1.1274132723019743
add,1.1473376245543083
IMPOSSIBLE,2.6967547190998755
decide,1.1704561278118824
customer,1.7824552240002378
BSLs,0.0016749649847982782
outside,507.43354839445254
examples,1.8667908236926196
country,0.6365147570212395
broke,0.9431636793017161
lol,124.1875
Sony,331.1666666666667
putting,0.5761086458557622
luckily,0.12469086882602481
ithttpswwwyoutubecomwatchvPgigSpd8N1k,909.3874838678621
meals,0.045376712328767124
stewing,0.4479194293220871
Pittsburgh,1104.3706625556247
navy,0.30263512954649774
It,2.4068813449089643
grandpa,0.30263512954649774
Nobody,1478.99453639615
Before,1.1371287893206554
Youd,1.8667908236926196
underwear,1.8667908236926196
ironic,0.08052951945014102
description,2208.7413251112494
addiction,0.6598813021262889
Three,0.12469086882602481
dropped,0.48875130199679845
predators,0.12209314239214929
Ive,97.3788310193958
fluke,0.419532819070896
Chicken,363.7549935471448
pop,0.5761086458557622
deeper,0.29484195024487114
tried,0.8354103351558311
replaced,1104.3706625556247
staff,0.6224326720506482
documentary,0.09246575342465753
asshole,-1457.507101674556
Very,2005.8200398803592
Was,0.2542725178983645
barely,0.08052951945014102
Someone,819.5962628524417
necessary,0.0016749649847982782
looked,1.2456578341393079
gifts,0.3812647523396336
Victoria,184.06177709260413
part,0.5135451632562328
recovering,0.30263512954649774
person,0.33650740232036036
behold,0.4812467678133137
paramedic,1.492361722184426
loves,0.2294288373976995
months,0.5607880156790416
dangers,0.08052951945014102
douchey,1987.0
1215,0.4479194293220871
real,1206.8354783682082
Daily,1.8667908236926196
somebody,0.06234543441301241
VX6100,397.40000000000003
noncolor,397.40000000000003
dish,13.731411260146736
yourself,397.40000000000003
heard,133.09528237436126
voice,0.4382226759527236
tiger,0.12209314239214929
back,796.3219368253212
if,150.2217574894628
worried,1.1371287893206554
rules,819.5962628524417
cheating,0.3812647523396336
bred,1.8667908236926196
compare,1.1853339253736912
soft,0.04280821917808219
takeout,1.8667908236926196
incredibly,0.7413570942456044
HARD,1.1371287893206554
r,1.1371287893206554
downtown,1.1371287893206554
httpimgurcoma1JAc2,1002.9100199401796
respiratory,1.8667908236926196
vacuum,0.08052951945014102
blocked,1.1274132723019743
four,0.3372726655312144
thought,0.5233696374756741
Later,0.6852100793796213
once,210.42725869410992
owns,1.8319253916474572
graduated,2.6967547190998755
OH,0.3812647523396336
chinese,0.09246575342465753
educated,0.0016749649847982782
dancing,0.4812467678133137
complete,0.08052951945014102
linked,819.5962628524417
fucked,0.7538643966715483
AfricanAmerican,1.507238415688961
1st,1.8667908236926196
foul,1.8667908236926196
clean,1.4725404052827165
sit,1.1371287893206554
help,1.3366994970925186
fear,0.08052951945014102
em,1.8667908236926196
mushy,0.06506849315068493
normal,0.06042993963256168
couch,0.6598813021262889
fave,283.8571428571429
corporate,0.8681557289006008
intervene,0.12469086882602481
an,18.817478997503517
threads,819.5962628524417
prawns,0.05393835616438356
year,354.40157825051045
skates,0.44791942932208717
feeders,0.061046571196074643
ok,1756.6206421040727
shaped,122.44843587106962
train,1.1371287893206554
vegetarians,1.1498508871137432
personal,1.4825562012594489
fancy,909.3874838678621
museum,1104.3706625556247
great,0.2549428089757208
equipped,0.08052951945014102
eat,1.1996563668328364
appetizer,0.6278870571747114
going,0.6895795848717422
dated,0.359268708935424
cannot,0.8626646789046551
campus,0.3372726655312144
money,1.7621331188822744
Laura,0.6278870571747114
Apparently,1.4208083693012763
were,26.67699204389208
called,30.40655888675584
Woods,2005.8200398803592
visit,0.045376712328767124
genuinely,0.2569173311936473
sounding,898.4457675860165
white,0.14287495386315344
mirrors,62.09375
Star,0.0016749649847982782
trophy,0.4812467678133137
triple,1.5810489380237953
appear,0.29484195024487114
understanding,0.5386801641599279
would,241.46425630712372
like,3.485496175816037
check,1.1371287893206554
shitty,27.985915492957748
towards,0.4273079835136776
Couldnt,0.8997963527560419
Partner,0.6689145567229455
kept,1.1937860064232169
deaf,0.001674964984798278
Not,4056.768427957238
press,1.6089980818315408
letter,0.6365147570212395
north,2208.7413251112494
Just,0.5355844006236834
courtesy,0.3812647523396336
making,0.5891378508665742
notes,0.3812647523396336
sheltered,1.8319253916474572
reverse,0.06234543441301241
how,22.71209022578335
pitch,0.12209314239214929
whales,0.419532819070896
name,0.20800971404963617
began,0.08052951945014102
Kelly,1.8667908236926196
soon,0.3812647523396336
door,0.6959001427050769
IT,110.38888888888889
Doner,0.1780821917808219
built,2208.7413251112494
2for1s,0.6598813021262889
setting,0.4479194293220871
Who,1.1371287893206554
dumb,1.1535799435530993
or,170.96134874759912
stationed,1.8667908236926196
hes,1.1371287893206554
shopping,1.1371287893206554
lonely,0.4812467678133137
appt,0.3812647523396336
Redditor,363.7549935471448
worry,1.1371287893206554
Austrian,0.045376712328767124
lane,1.6089980818315408
bf,1.1704561278118824
bloody,0.16365676533415757
die,0.08052951945014102
hot,1.1371287893206554
stabbing,0.06234543441301241
easy,0.419532819070896
support,0.4812467678133137
both,0.3978152075534541
self,993.5
problem,0.6852100793796213
fax,1.6225485733519087
get,1.2044990384947478
notice,0.08052951945014102
mainly,0.0016749649847982782
PAUSED,1.1202556647157158
go,639.0443935037823
remember,36.115754939635934
lions,0.12469086882602481
quelled,1.8667908236926196
Good,0.39860872525145064
furiously,0.08052951945014102
wet,5.605616624914113
cookies,1.1371287893206554
consider,0.0016749649847982782
decided,0.7018872861617973
shallower,0.08052951945014102
Theyre,63.326603828384236
than,1.7675579688631473
mean,2626.817056378291
parade,1104.3706625556247
comment,2.668099365992214
poplar,2005.8200398803592
coast,2038.8757396795743
lie,0.3812647523396336
mad,1.1371287893206554
penalize,1.8319253916474572
two,799.9077753306159
Deep,0.07876712328767123
must,1.1274132723019743
deaths,0.08052951945014102
fields,1.8667908236926196
hide,0.3812647523396336
proceed,0.5761086458557622
dropouts,1.8667908236926196
seasoning,0.06506849315068493
50,640.0052987468291
VT,0.3812647523396336
noon,0.419532819070896
leaving,0.4092597166722641
Like,0.6365147570212395
reaction,0.6598813021262889
shark,0.11429996309052273
arent,1.416463184532752
Staying,0.3372726655312144
pavementhttpsenmwikipediaorgwikiNicolsonpavement,55.21853312778122
second,0.7001143770503502
Vietnam,0.30263512954649774
tomorrow,367.8689162269383
seen,0.7091589435632348
Mexican,0.6335616438356164
Man,283.8571428571429
tons,1.1939704419087038
Sign,0.03266181720356642
cameras,993.5
take,0.47930321937606085
happy,764.7484807428591
Concluded,0.4812467678133137
available,1.8319253916474572
replying,1.1704561278118824
pay,2.475967736798479
swimming,0.12274257400061817
Through,0.006699859939193113
read,0.0812358017627165
burst,1.1371287893206554
These,1.8667908236926196
bullet,0.3812647523396336
spy,0.4479194293220871
cleaning,0.2818533180754936
hi,0.6278870571747114
Maybe,1.4917372426842237
Wiener,0.045376712328767124
With,0.06364866942233458
forgave,0.4812467678133137
Carrot,1092.795017136589
pee,0.5824419292421
nuts,2005.8200398803592
hours,0.4092597166722641
drunker,1.1704561278118824
sub,662.3333333333334
misguided,0.08052951945014102
caught,1.810341026843435
particularly,0.9283295147018059
guy,63.72298012354669
shaft,501.4550099700898
After,0.8559148024390012
scuba,0.08052951945014102
solid,1.1853339253736912
choice,0.359268708935424
fine,0.12209314239214929
28,1.8319253916474572
whim,1.8319253916474572
people,1.0337869937720356
wheels,2208.7413251112494
switched,0.4812467678133137
difficult,1.8667908236926196
thinking,0.2769440351077233
chicken,75.78229032232184
world,415.4143133386213
sister,0.8931828220674914
httpiimgurcomKp6RN00jpg,163.91925257048837
exit,0.6899010479077236
bizarre,0.6278870571747114
flipped,0.4479194293220871
hummus,329.7769455185934
Night,0.16365676533415757
And,33.429387750782176
shortly,1.8667908236926196
asap,0.4812467678133137
conscious,0.0016749649847982782
certified,0.08052951945014102
im,0.09246575342465753
jewel,0.07363013698630137
allegations,1.8667908236926196
vote,819.5962628524417
paving,2208.7413251112494
unlikely,0.061046571196074643
ignorant,1.8319253916474572
allover,1.8667908236926196
Ericsson,331.1666666666667
behind,7.525335907239929
cant,5.283609519958723
instantaneous,0.08052951945014102
guess,0.6142751516807814
listen,1.8667908236926196
clinging,0.6689145567229455
Second,0.3812647523396336
cavern,0.08052951945014102
impossible,1.334716789866303
cried,0.6852100793796213
Paso,2.6967547190998755
level,0.0016749649847982782
lower,1.3791541773423905
barracuda,0.1311851849107136
links,819.5962628524417
At,0.737200727425935
offend,0.07363013698630137
hall,1.8667908236926196
blacktip,0.10650678378889619
London,2208.7413251112494
knocked,0.3372726655312144
inspected,1.8667908236926196
Why,0.780939931655402
lesstake,0.4812467678133137
flip,27.985915492957748
Mexicoat,0.08052951945014102
space,1.8667908236926196
But,0.8804625536406845
affair,0.4812467678133137
grabs,0.08052951945014102
alumni,1.8319253916474572
McDonalds,2.05222602739726
broken,1104.3706625556247
dieing,1104.3706625556247
contact,0.08052951945014102
website,201.79828097039336
burned,0.5761086458557622
Coming,0.10650678378889619
sight,709.5987686990458
cloudy,0.2818533180754936
hate,125.36375249252245
found,1946.9804666317152
becomes,9.730137996084798
youre,0.7531978499017238
swap,0.4812467678133137
patiently,2.6967547190998755
simply,0.16365676533415757
caretakers,1.8319253916474572
minutes,0.3148333036968318
GAMES,1.1202556647157158
httpsyoutubebhiYG6rnNL8t11,2208.7413251112494
whole,1.2889990965035374
airsoft,0.6038913734610282
work,1753.7176540009596
damn,0.006699859939193113
rigorous,1.8667908236926196
fierce,0.6598813021262889
Mark,1.8319253916474572
worth,1.0420510981775606
interaction,0.8681557289006008
Thanksgiving,0.4812467678133137
finished,0.21950788366248117
helped,0.5205730272329613
assholes,22.73468709669655
Hi,0.6278870571747114
jetty,0.12469086882602481
received,1.1371287893206554
schizophrenia,1.8319253916474572
throws,-2208.7413251112494
Both,0.08052951945014102
undue,0.3812647523396336
MULTIPLAYER,1.1202556647157158
beginning,0.08052951945014102
closer,0.11429996309052275
unique,0.045376712328767124
mine,1002.9100199401796
everyone,1.0221864581249145
lose,0.5711590410433071
around,24.13933578374154
blindly,0.08052951945014102
arm,0.21950788366248117
tip,0.14287495386315344
kiss,0.4479194293220871
awful,1.1704561278118824
blushes,1.1371287893206554
Gardens,0.12209314239214929
lockin,0.4479194293220871
cared,0.3812647523396336
conditions,0.8968374524883046
station,1.8319253916474572
shower,1.8667908236926196
teach,0.05393835616438356
Year,0.4479194293220871
promised,0.07363013698630137
tonight,0.6278870571747114
sick,1.1371287893206554
vanishing,0.29484195024487114
Monterey,0.12469086882602481
dislike,0.09246575342465753
town,1.1371287893206554
and,1.2348031429971753
mirror,1987.0
flexible,0.3812647523396336
tree,2005.8200398803592
showed,18.467382356689242
much,137.2204426476682
OP,1.1616714673465776
mum,1.1202556647157158
clear,9.354034815524468
stung,0.21950788366248117
issues,0.3372726655312144
alipoo1990,0.6278870571747114
junk,1.1704561278118824
weights,0.16365676533415757
rank,1.8667908236926196
let,0.5197300459650217
episode,1987.0
group,0.14815556253514625
Were,1.8667908236926196
snakes,0.10650678378889619
fight,0.29484195024487114
shitless,1.1274132723019743
comprised,1.8667908236926196
no,1.661796829520211
trunk,0.48124676781331377
Overcooked,0.06506849315068493
rconfusedboners,2005.8200398803592
tsohttpsenwikipediaorgwikiTheSearchforGeneralTso,0.09246575342465753
discount,0.8681557289006008
war,0.30263512954649774
rubber,0.4479194293220871
credit,1.8319253916474572
Europe,0.1780821917808219
knows,0.0016749649847982782
predicament,0.3372726655312144
young,0.3238605613035549
Sandstone,2208.7413251112494
entirely,0.1311851849107136
scientist,0.0016749649847982782
hoping,0.025124474771974173
woah,33.20371533556536
tiniest,0.419532819070896
poorly,0.09246575342465753
skated,0.4479194293220871
slip,9.730137996084798
cheap,0.23715753424657535
trusting,0.08052951945014102
field,0.5246224932855317
bothered,1.8667908236926196
For,0.21950788366248117
paid,1.8319253916474572
mailman,0.0016749649847982782
though,174.6213634376519
entryhttpsenwikipediaorgwikiAustriancuisine,0.045376712328767124
Blue,0.29484195024487114
kind,2.105925444035301
although,1.8319253916474572
dustedvacuumed,1.8667908236926196
sure,0.8732208638777909
gotand,0.29484195024487114
BSL,0.0016749649847982782
Fosters,0.791095890410959
later,599.6625993491193
surprised,1.1704561278118824
u,0.8196367812995327
remembers,0.0016749649847982782
US,993.5
moaning,0.3372726655312144
selfie,397.40000000000003
Thing,0.08801511160207515
party,0.3925960474266507
Special,1.8667908236926196
dives,0.08052951945014102
daily,1.8667908236926196
dread,0.08052951945014102
control,0.3812647523396336
fathom,1.8319253916474572
hastily,1.8667908236926196
question,0.22350728384772295
worse,0.08052951945014102
rooms,0.3372726655312144
small,0.4812467678133137
Suddenly,0.16365676533415757
folks,0.04280821917808219
scarcely,1.8667908236926196
jealous,1.1371287893206554
affect,1.8319253916474572
Open,0.061046571196074643
nothing,0.2668310063068031
impressive,0.05393835616438356
seriously,1.1427742507272816
rebranded,993.5
gain,0.4812467678133137
blue,0.9183452746926026
relieved,0.16365676533415757
octopus,0.08052951945014102
ft,0.061046571196074643
animal,0.3812647523396336
FUCK,0.4479194293220871
punished,1.8667908236926196
Fry,219.8512970123956
relationships,1.1704561278118824
near,0.2910616828198414
for,6.4987848463462905
foundation,1.8319253916474572
quixal,1.5810489380237953
base,1.8667908236926196
midnight,0.4479194293220871
hates,0.1780821917808219
sounds,0.12187599403030913
Weve,0.4812467678133137
Firstly,0.05393835616438356
remembered,0.08052951945014102
harder,1.8319253916474572
Bit,409.79813142622083
rhymes,1.8743863242946204
stations,0.0016749649847982782
mental,1.8319253916474572
story,1.1701697552500396
rink,0.4479194293220871
evening,0.871387261846951
use,1.1360462712535797
with,1.9029920552803155
stopper,0.4479194293220871
needed,1.2583224732931593
Christmas,283.8571428571429
her,0.3907714556863325
Guy,0.4812467678133137
angry,0.3372726655312144
Meatballs,0.5736301369863014
feel,160.66446193614132
vacation,0.08052951945014102
delivery,2.6967547190998755
run,1.2869507548008563
i,188.19244048921718
professional,1.8319253916474572
perfect,1639.1925257048833
3040,0.061046571196074643
scared,0.6455350188180659
polite,0.3812647523396336
fault,0.28315784843070746
Jesus,165.34317888506584
thank,1.8667908236926196
Seems,1.1371287893206554
wise,0.5761086458557622
neighbors,0.0016749649847982782
necessarily,0.2611301369863014
Permanent,2005.8200398803592
hold,397.40000000000003
subconsciously,0.0016749649847982782
load,1.8667908236926196
saved,0.08052951945014102
brain,1.8667908236926196
case,27.985915492957748
owners,0.2379823379666893
sudden,0.4316985091785493
stained,1.8667908236926196
basically,680.7359063838045
nutz,1002.9100199401796
teacher,0.6365147570212395
bolognese,0.06506849315068493
Hes,0.3812647523396336
Potatoes,0.05393835616438356
Then,12.535435296661792
float,0.16365676533415757
ave,2208.7413251112494
many,1.3257728852919766
center,1104.3706625556247
surprisingly,184.06177709260413
ago,16.696772692072763
Palancar,0.12209314239214929
tests,1.8667908236926196
others,0.6677846302917452
upwards,0.16365676533415757
should,0.9890947782660489
communicating,0.1311851849107136
Hello,1987.0
rainy,1.1371287893206554
watery,0.06506849315068493
weeks,0.7270739491779358
light,0.5919623512059731
shouldnt,369.7928008694675
Hungary,1.1504597247171462
shoot,0.08052951945014102
outer,27.985915492957748
hadnt,0.3785669149465816
cramped,0.6598813021262889
spoken,0.0016749649847982782
So,223.63338854291345
chose,0.822169674759387
risk,0.3812647523396336
Secondly,0.05393835616438356
disappeared,0.2379823379666893
together,0.9431636793017161
Hut,259.8249953908177
originally,2208.7413251112494
brown,1.8667908236926196
There,307.1130765095457
good,0.24613692041910878
Australia,0.791095890410959
InforTotesMessenger,819.5962628524417
meter,0.2818533180754936
PADI,0.061046571196074643
strongly,1.025947969738401
facing,993.5
bolt,0.29484195024487114
learn,0.015074684863184504
USA,0.061046571196074643
barbeque,0.05393835616438356
classes,0.3372726655312144
hour,0.8076353351752569
line,0.871387261846951
httpsmyoutubecomwatchvcOto7MC3TQg,0.08052951945014102
fired,0.8681557289006008
leave,1.0469511164305623
regrets,1.1371287893206554
Years,10.183308070168536
httpiimgurcomPlhie7Pgifv,1639.1925257048833
trail,0.9335851143297308
Barbee,0.05393835616438356
Cant,1110.6200150292862
hearing,0.12629235985379017
being,0.5742370458333699
marks,1.8667908236926196
absurd,2.6967547190998755
Obama,0.0016749649847982782
Indian,0.07363013698630137
cases,27.985915492957748
abruptly,0.16365676533415757
attempting,0.4479194293220871
No,0.2777942741250802
asking,1104.3706625556247
images,0.006699859939193113
security,1.8667908236926196
dogwood,2005.8200398803592
phone,19.073004832650774
Really,909.3874838678621
buying,0.8681557289006008
calmly,0.4127488794370183
Nokia,75.45569620253166
excited,0.006699859939193113
counseled,1.8667908236926196
poolgo,0.4812467678133137
acceptable,2005.8200398803592
Ave,2208.7413251112494
something,610.6156977370446
hear,0.33025066045865165
silent,0.0016749649847982782
popular,0.23715753424657535
freaky,0.21950788366248117
beat,0.4479194293220871
agreed,0.3812647523396336
working,1.2837703076240745
investigate,0.4812467678133137
trotting,1104.3706625556247
pointing,27.985915492957748
1015,0.061046571196074643
mouth,0.16188591100189056
sting,0.21950788366248117
spotting,0.12209314239214929
product,1987.0
sailboat,0.2818533180754936
My,183.8527043508379
sad,0.06506849315068493
BE,1.1202556647157158
tremendousthe,150.2216039131195
unfolded,1.8667908236926196
asian,1.1371287893206554
comfortable,0.30263512954649774
Where,169.90317885471148
save,1.2196356058240359
Some,0.3812647523396336
Frog,0.06164383561643835
communication,0.0016749649847982782
language,0.045868271891399005
heathen,0.06364866942233458
Went,0.553900365724188
including,606.2583225785748
hard,1172.2233074861708
undercook,606.2583225785748
rock,0.12469086882602481
8,0.6247532073470617
tremendous,0.6852100793796213
manager,0.8681557289006008
right,409.853661989479
tech,0.9871023888708834
faith,2.138282037597106
swim,0.08052951945014102
actualy,2.6967547190998755
anything,0.9896286497464943
normalize,1.1274132723019743
England,1.4208083693012763
special,0.05393835616438356
York,2208.7413251112494
Best,0.4812467678133137
wall,0.19056229634202962
windowgrabbed,0.6038913734610282
This,4.905549254058929
bird,606.2583225785748
midwest,0.061046571196074643
your,1.629111063496365
Ocean,124.1875
computers,0.3812647523396336
print,27.985915492957748
sand,0.2915947922025268
pixelated,397.40000000000003
sale,0.5761086458557622
surface,0.08052951945014102
Um,0.9860338163306694
buy,1.8319253916474572
gravy,0.06506849315068493
contributions,0.09246575342465753
lo,0.4812467678133137
yelling,0.8236852676469127
3rd,27.985915492957748
Flailed,0.16365676533415757
Schnitzel,0.045376712328767124
chick,1.1537924585662689
place,1.7536019748304525
Ok,826.1259805416415
randomly,1.1939704419087038
El,2.696754719099875
further,0.21950788366248117
outthrew,0.6038913734610282
Eve,0.4479194293220871
trouble,1.8319253916474572
Is,397.40000000000003
scene,1.321095697792227
arose,0.3372726655312144
easier,0.419532819070896
jobs,1.8319253916474572
score,1.5810489380237953
specific,0.0016749649847982782
NSFW,2005.8200398803592
exactly,1.1371287893206554
severe,0.06364866942233458
pants,0.3812647523396336
holding,0.2379823379666893
Puller,1.8667908236926196
Helios,993.5
data,993.5
experienced,880.2357231428474
driveway,0.4812467678133137
What,0.25821593186771047
general,0.09246575342465753
neighborhood,2208.7413251112494
comprehend,0.0016749649847982782
training,0.9131079874427138
photo,0.1311851849107136
admitted,1.8319253916474572
Chesty,1.8667908236926196
taking,99.05108930491014
concept,0.8050711523532581
entrance,0.19056229634202962
smaller,1987.0
because,1.425168078900706
suddenly,0.06234543441301241
describe,0.3439264312042779
Survival,0.08052951945014102
at,30.808882683722047
china,0.09246575342465753
requirement,0.0016749649847982782
fought,0.08052951945014102
wee,47.30952380952381
hole,1.1274132723019743
hey,0.08052951945014102
basic,1.8667908236926196
UH,0.3812647523396336
raspy,0.0016749649847982782
soothing,0.0016749649847982782
display,27.985915492957748
learned,0.18367677737293983
rolling,0.4812467678133137
sauce,0.09246575342465753
managed,1.0204135732564508
without,0.3160561913869502
romantic,0.4479194293220871
drinks,0.791095890410959
attention,0.0844261091009543
diver,1.1274132723019743
report,0.8681557289006008
ASAP,0.3812647523396336
years,540.16304148492
fries,0.5736301369863014
filth,1.8667908236926196
date,1.1371287893206554
Vaporub,1.492361722184426
salvaged,0.5761086458557622
recently,1.8667908236926196
devastated,0.3812647523396336
long,54.947669105312166
identical,1002.9100199401796
ones,0.7022139882897407
Everything,0.0016749649847982782
Dearborn,2208.7413251112494
Water,0.061046571196074643
mind,0.5742023592654348
difference,1.1853339253736912
walk,1237.1634354618034
exboyfriend,0.6598813021262889
carrotspeasbroccolicauliflower,0.06506849315068493
hurt,0.3925960474266507
counts,0.09246575342465753
Chair,1.8667908236926196
deepest,0.08052951945014102
gonna,819.5962628524417
hung,0.16365676533415757
coldly,0.4812467678133137
prominence,0.013399719878386226
voices,0.0016749649847982782
do,316.6173917411673
pek,363.7549935471448
etc,0.4812467678133137
movement,0.12209314239214929
make,1.4464247760992721
cares,0.3812647523396336
recent,1.8667908236926196
DONT,110.38888888888889
sex,1.2220024113449797
looks,2.3311411988107547
lifestyle,1.8319253916474572
reception,0.3372726655312144
upon,0.1311851849107136
sweet,0.09246575342465753
me,170.2215240577267
fridge,1.8667908236926196
shes,0.108259500466056
across,1104.3706625556247
properly,0.12209314239214929
pod,0.419532819070896
instructor,0.08052951945014102
someone,0.46515188726785794
looking,1.1450640779855201
doesnt,0.939113939804695
first,334.7650773011715
SF,1.8667908236926196
activate,397.40000000000003
White,0.419532819070896
will,547.2454813574939
texting,1.1704561278118824
mouthpiece,0.419532819070896
reason,0.5291862905069935
neighbor,1.0868746020999804
Well,550.978650228119
ever,1.708030630776034
bone,1.1427742507272816
water,0.09254400420681529
getting,337.95089890108625
argument,1.8319253916474572
Taco,0.6335616438356164
3,0.7352732972588887
changing,283.8571428571429
needle,0.08052951945014102
adamant,1.1371287893206554
Shed,0.4812467678133137
hollow,1.1853339253736912
of,2.317148246917822
big,1.2161630437849076
friend,1928.3214019800614
regretted,0.3372726655312144
side,271.55488187116106
EDIT,1.7291781715787486
before,2.06963733512501
attentive,2.138282037597106
represents,0.09246575342465753
pipe,0.08052951945014102
Texas,2.6967547190998755
met,1.436661890078068
ratio,1002.9100199401796
camera,397.40000000000003
says,0.885411388127363
poutine,0.7696917808219178
pressing,0.16365676533415757
Feels,1987.0
dreams,0.0016749649847982782
barricade,0.4479194293220871
a,4.932934859816901
I,4.722028026132319
loss,0.07770247260340521
better,601.0337796014505
set,0.5201460954739764
accurate,0.0016749649847982782
Nope,0.3812647523396336
Safe,2005.8200398803592
SIM,0.5761086458557622
away,0.5197828649535999
ascended,0.08052951945014102
RIGHT,0.06506849315068493
spotted,0.6278870571747114
assuming,909.3874838678621
took,549.3949065896304
Penis,2005.8200398803592
event,0.3372726655312144
2020,1639.1925257048833
rep,2.6967547190998755
folded,1.8667908236926196
expected,1.8667908236926196
telling,0.4812467678133137
try,0.911437571001487
China,819.5962628524417
infestation,1.8667908236926196
sinus,0.06234543441301241
2nd,33.17265506644401
Other,1.8743863242946204
British,0.03337172906774161
Rescue,1.1274132723019743
Dont,22.73468709669655
region,0.558857216489518
disassemble,1.1853339253736912
Girlfriend,0.4479194293220871
migraine,0.013399719878386226
rolled,0.419532819070896
find,0.6941181825227387
fuck,0.4064024333402044
Saw,1.1274132723019743
Left,1.5050626062637986
similar,0.0016749649847982782
ceiling,0.08052951945014102
storm,1.8667908236926196
palm,220.77777777777777
feelings,0.0016749649847982782
darkness,0.16365676533415757
radio,0.0016749649847982782
myself,42.49343187330155
could,365.74345055110905
Nacho,1639.1925257048833
drowned,0.09246575342465753
horse,88.93443875043829
werent,1.5050626062637986
cars,0.4812467678133137
transmutation,2208.7413251112494
bigger,0.3372726655312144
diet,1.8319253916474572
Although,518.8655821917808
sticking,1.1274132723019743
cure,1.492361722184426
boiled,0.05393835616438356
Id,413.7730708593619
chow,1.8667908236926196
convinced,1.1498508871137432
shat,0.061046571196074643
same,1.3726301423205118
felt,0.8686855795004597
nicknamed,1.8667908236926196
front,342.3867950566947
wasnt,0.36302461280392023
bend,0.08052951945014102
yay,1.8319253916474572
pole,0.4812467678133137
bump,0.4812467678133137
sandy,0.16365676533415757
sleeping,0.4812467678133137
completely,0.4388408260171489
knew,0.9978326040717672
breeding,1.1274132723019743
knife,0.06234543441301241
havent,101.48908307140985
Buzzfeed,367.8689162269383
reef,0.14980222435348814
garbage,0.025124474771974173
sorry,0.3812647523396336
dark,1.025947969738401
body,0.30263512954649774
room,0.7471660008982228
rmildlypenis,80.23280159521435
matrix,397.40000000000003
she,0.5639807761260405
stop,2280.8757135442615
break,0.7762401908049752
isnt,0.8039003060422704
nights,0.4812467678133137
httpmobilecdnsoftpediacomphonepicsSonyEricssonT6103jpg,331.1666666666667
Almost,0.10650678378889619
supposed,1.1433885314012158
filthy,0.06364866942233458
handle,1.8667908236926196
classmate,1.1853339253736912
oh,0.4894559627374928
Damn,0.12897230382946742
wondering,0.12469086882602481
rhailcorporate,363.7549935471448
Granted,1.5050626062637986
Mustve,668.6066799601197
grab,0.12209314239214929
best,2.02911029448744
depth,0.12897230382946742
single,0.3372726655312144
secondary,0.12209314239214929
sooo,0.4812467678133137
Nearly,0.061046571196074643
home,0.8416594514696913
own,36.584381602339896
sift,0.419532819070896
one,77.40835949442817
was,69.1765369720106
slammed,0.419532819070896
truck,0.419532819070896
wine,0.6278870571747114
opinion,0.2611301369863014
Louisiana,1.507238415688961
YOU,0.4479194293220871
Mnyx,1.1371287893206554
rounds,0.6598813021262889
inside,98.06484519903152
boy,0.4812467678133137
by,1.2131509179955462
Gold,2208.7413251112494
color,6.8235468687397915
period,0.6852100793796213
Husband,0.4812467678133137
describing,0.08207328425511563
who,0.9435127930938669
head,0.11435555966893225
banned,0.4479194293220871
Car,2208.7413251112494
turn,0.4479194293220871
countrywide,993.5
blame,1.1704561278118824
its,8.369999288352458
Top,363.7549935471448
kinda,1259.4284420625409
VEY,0.6278870571747114
FalafelShwarma,0.3493150684931507
just,191.86136454759503
175,0.6689145567229455
attend,0.3372726655312144
She,0.5270358712721811
achievers,2208.7413251112494
Koreans,993.5
ya,0.006699859939193113
typical,1.8667908236926196
practically,0.3812647523396336
OUThavent,0.6038913734610282
allergic,0.21950788366248117
meatloaf,0.04280821917808219
watched,0.419532819070896
shocked,1.8319253916474572
wait,89.15164328920113
attractive,2.138282037597106
melted,0.5761086458557622
continue,1.216552526249502
Looks,819.5962628524417
Swedes,0.5736301369863014
three,0.7270739491779358
running,7.1745137870105715
exercise,1.8319253916474572
fortunate,0.3812647523396336
7,0.10650678378889619
Samsung,27.985915492957748
Consider,0.0016749649847982782
worn,1104.3706625556247
stuff,0.7226471380844506
smell,1.8667908236926196
entire,1.4437210351695162
opened,0.3412221346522737
Freshest,227.34687096696553
friends,0.6742975255388038
least,0.06506849315068493
kids,0.37441966490108125
him,0.35412442348278905
had,246.3420574376221
especially,0.2500311692605185
Hope,1.523192193092478
cool,275.409874840067
typhoons,1.8667908236926196
dorsal,0.12209314239214929
laughing,1.1371287893206554
black,12.90536558221415
CHOSE,1.8667908236926196
asked,0.22608404897584988
engineering,1.1853339253736912
silt,0.08052951945014102
Follow,0.4479194293220871
sitting,79.57087041841648
Because,2.138282037597106
streets,2208.7413251112494
showing,0.1311851849107136
sense,93.17454271105699
thoughts,0.005359887951354491
fail,1.8667908236926196
treated,1.8319253916474572
makes,826.1926939999893
hope,0.12897230382946742
Dodged,0.3812647523396336
youve,0.31692262493281304
noticeso,0.6038913734610282
usually,0.03172398626720869
sinking,0.16365676533415757
horns,0.0016749649847982782
imagine,1.08955906124655
choked,0.9574170605390627
give,0.5529142012327234
conveniently,0.6598813021262889
sides,0.06506849315068493
research,0.6852100793796213
outfits,0.08052951945014102
nested,1.8667908236926196
memeshttpsimgflipcomi1fb5sr,0.006699859939193113
recreational,0.08052951945014102
resembles,2005.8200398803592
cocoa,1.1371287893206554
stretch,409.79813142622083
fade,0.29484195024487114
adult,0.5728494194640261
everyones,1.8319253916474572
outfit,0.08052951945014102
dalites,0.07363013698630137
captain,0.21950788366248117
breach,0.08052951945014102
system,1.8493581076700383
cheatingi,0.6038913734610282
Nice,1.1371287893206554
SO,0.4812467678133137
decompression,0.6689145567229455
microwave,0.5761086458557622
talk,0.32039443898260045
fare,0.04280821917808219
Trunk,0.4812467678133137
52,1.7513593466235444
bet,9.730137996084798
somewhere,1104.3706625556247
skating,0.4479194293220871
college,1.1911079095349397
earlier,0.08052951945014102
Wed,0.7230087748226571
understand,0.8342509620784686
mega,0.3812647523396336
hasnt,0.0016749649847982782
marching,1104.3706625556247
come,1.2152552844498556
include,1.8667908236926196
aptly,0.8334679519241146
slamming,0.6598813021262889
nearest,1.1371287893206554
hand,0.3288231405970616
truly,1.8319253916474572
Dad,0.08052951945014102
fact,0.6783577032713817
roaches,1.8667908236926196
sobbing,0.6598813021262889
dive,0.061046571196074643
immediate,0.6598813021262889
missing,1.1274132723019743
nondivers,0.21950788366248117
narcd,0.29484195024487114
Ended,283.8571428571429
unsuccessful,2208.7413251112494
generally,0.09246575342465753
piled,1.8667908236926196
Zuckerberg,1.8319253916474572
crew,1.8667908236926196
bathroom,1.0704894318201466
american,0.09246575342465753
Im,12.681361442146876
grabbing,0.08052951945014102
boyfriends,1.1704561278118824
carrots,819.5962628524417
careful,0.12469086882602481
somewhat,0.0016749649847982782
half,0.5072610383811711
informed,1.1371287893206554
corridor,0.3372726655312144
rooster,909.3874838678621
16,0.4479194293220871
As,1.8667908236926196
always,1162.7281408990516
Justtrained,0.08052951945014102
south,2208.7413251112494
underwater,0.457199852362091
fate,0.08052951945014102
played,0.4812467678133137
roller,0.4479194293220871
drunk,0.7419880670223631
Coast,2208.7413251112494
httpmimgurcomxFANhcG,0.08052951945014102
month,29.29301482794072
hands,1.168816417557963
waiting,1.1315770653099806
site,0.08052951945014102
glint,1.1274132723019743
current,0.32261004762117246
diving,0.08052951945014102
west,1.8319253916474572
floozy,0.4812467678133137
excuse,1.1371287893206554
laundry,1.8667908236926196
hospital,1.1371287893206554
Oh,2679.2258134257263
potatoes,0.06506849315068493
high,173.79025012672898
random,1.8667908236926196
point,0.2898516744476762
terms,0.0016749649847982782
30,0.8083414858820784
Sydneys,2208.7413251112494
everyday,0.05393835616438356
blow,1.8667908236926196
having,21.617975260195877
piercing,0.0016749649847982782
else,0.249409875913608
fried,0.07876712328767123
